"partnerid","distinct category","partnerid_cnt","category_prior"
"8i7uk","1","93","93.000000000"
"8i7ux","1","246","246.000000000"
"8i7va","1","8","8.000000000"
"8i7vb","1","11","11.000000000"
"8i7vf","1","2","2.000000000"
"8i7vp","1","4001","4001.000000000"
"8i7vq","1","1922","1922.000000000"
"8i7vz","1","324","324.000000000"
"8i7w2","1","116","116.000000000"
"8i7wb","1","269","269.000000000"
"8i7wi","1","1502","1502.000000000"
"8i7wr","1","1352","1352.000000000"
"8i7wv","1","165","165.000000000"
"8i7xd","1","360","360.000000000"
"8i7yy","1","3","3.000000000"
"8i7z7","1","80","80.000000000"
"8i7zf","1","3","3.000000000"
"8i7zk","1","1177","1177.000000000"
"8i7zl","1","1589","1589.000000000"
"8i804","1","28","28.000000000"
"8i806","1","845","845.000000000"
"8i80a","1","757","757.000000000"
"8i80j","1","2","2.000000000"
"8i81d","1","14","14.000000000"
"8i81i","1","10","10.000000000"
"8i828","1","3417","3417.000000000"
"8i82g","1","14","14.000000000"
"8i82r","1","6","6.000000000"
"8i82x","1","3","3.000000000"
"8i830","1","2","2.000000000"
"8i833","1","42","42.000000000"
"8i83a","1","2","2.000000000"
"8i83y","1","1","1.000000000"
"8i84n","1","17","17.000000000"
"8i84o","1","23","23.000000000"
"8i84w","1","1","1.000000000"
"8i85v","1","126","126.000000000"
"8i86i","1","1","1.000000000"
"8i88w","1","49","49.000000000"
"8i89m","1","4","4.000000000"
"8i8ar","1","14","14.000000000"
"8i8bx","1","73","73.000000000"
"8i8cj","1","1","1.000000000"
"8i8do","1","2","2.000000000"
"8i8e5","1","67","67.000000000"
"8i8e7","1","1","1.000000000"
"8i8ef","1","9","9.000000000"
"8i8en","1","3","3.000000000"
"8i8fk","1","31","31.000000000"
"8i8fm","1","270","270.000000000"
"8i8fn","1","28","28.000000000"
"8i8fq","1","71","71.000000000"
"8i8ft","1","29","29.000000000"
"8i8g3","1","2","2.000000000"
"8i8go","1","342","342.000000000"
"8i8gu","1","1","1.000000000"
"8i8gx","1","1","1.000000000"
"8i8gz","1","1","1.000000000"
"8i8h2","1","2","2.000000000"
"8i8h7","1","380","380.000000000"
"8i8hw","1","8","8.000000000"
"8i8ih","1","2","2.000000000"
"8i8is","1","231","231.000000000"
"8i8iv","1","40","40.000000000"
"8i8j2","1","51","51.000000000"
"8i8jl","1","3","3.000000000"
"8i8k3","1","11","11.000000000"
"8i8kg","1","1","1.000000000"
"8i8ku","1","7","7.000000000"
"8i8le","1","16","16.000000000"
"8i8lx","1","1","1.000000000"
"8i8m6","1","591","591.000000000"
"8i8mq","1","4","4.000000000"
"8i8mr","1","2","2.000000000"
"8i8n6","1","9","9.000000000"
"8i8no","1","58","58.000000000"
"8i8nq","1","1","1.000000000"
"8i8nr","1","1070","1070.000000000"
"8i8oh","1","1","1.000000000"
"8i8p1","1","22","22.000000000"
"8i8pz","1","1","1.000000000"
"8i8q4","1","37","37.000000000"
"8i8qk","1","5","5.000000000"
"8i8qn","1","1","1.000000000"
"8i8rs","1","1","1.000000000"
"8i8s9","1","1","1.000000000"
"8i8t2","1","2","2.000000000"
"8i8tt","1","164","164.000000000"
"8i8tw","1","3","3.000000000"
"8i8u1","1","3","3.000000000"
"8i8u7","1","1","1.000000000"
"8i8u8","1","66","66.000000000"
"8i8ub","1","27","27.000000000"
"8i8ui","1","9","9.000000000"
"8i8wd","1","7","7.000000000"
"8i8xq","1","608","608.000000000"
"8i8ye","1","4705","4705.000000000"
"8i8yi","1","12","12.000000000"
"8i8yn","1","46","46.000000000"
"8i8yu","1","38","38.000000000"
"8i8z4","1","228","228.000000000"
"8i8zd","1","4","4.000000000"
"8i8ze","1","128","128.000000000"
"8i8zi","1","17","17.000000000"
"8i903","1","48","48.000000000"
"8i90i","1","2","2.000000000"
"8i90k","1","2310","2310.000000000"
"8i90m","1","945","945.000000000"
"8i91i","1","9085","9085.000000000"
"8i922","1","15783","15783.000000000"
"8i92t","1","9894","9894.000000000"
"8i92u","1","1","1.000000000"
"8i930","1","560","560.000000000"
"8i932","1","5","5.000000000"
"8i936","1","746","746.000000000"
"8i93o","1","22","22.000000000"
"8i93q","1","443","443.000000000"
"8i941","1","156","156.000000000"
"8i949","1","551","551.000000000"
"8i94e","1","2","2.000000000"
"8i94n","1","1","1.000000000"
"8i94y","1","73","73.000000000"
"8i95z","1","97","97.000000000"
"8i969","1","422","422.000000000"
"8i96u","1","70","70.000000000"
"8i96x","1","14","14.000000000"
"8i98h","1","5","5.000000000"
"8i99h","1","18","18.000000000"
"8i9a2","1","1","1.000000000"
"8i9at","1","15","15.000000000"
"8i9aw","1","630","630.000000000"
"8i9b4","1","6","6.000000000"
"8i9bj","1","16","16.000000000"
"8i9bm","1","305","305.000000000"
"8i9bs","1","8","8.000000000"
"8i9bw","1","25","25.000000000"
"8i9bx","1","14","14.000000000"
"8i9cn","1","68","68.000000000"
"8i9co","1","29","29.000000000"
"8i9cr","1","28","28.000000000"
"8i9d0","1","5","5.000000000"
"8i9d1","1","1","1.000000000"
"8i9d5","1","49","49.000000000"
"8i9da","1","230","230.000000000"
"8i9db","1","1","1.000000000"
"8i9dg","1","3","3.000000000"
"8i9dp","1","1","1.000000000"
"8i9dv","1","33","33.000000000"
"8i9e1","1","1","1.000000000"
"8i9e9","1","166","166.000000000"
"8i9ed","1","1","1.000000000"
"8i9eg","1","1","1.000000000"
"8i9eq","1","3","3.000000000"
"8i9f0","1","4","4.000000000"
"8i9fl","1","5","5.000000000"
"8i9fv","1","1","1.000000000"
"8i9g2","1","47","47.000000000"
"8i9gl","1","4","4.000000000"
"8i9h8","1","1","1.000000000"
"8i9hj","1","1","1.000000000"
"8i9hm","1","108","108.000000000"
"8i9hn","1","27","27.000000000"
"8i9ht","1","435","435.000000000"
"8i9hu","1","551","551.000000000"
"8i9hw","1","2","2.000000000"
"8i9hx","1","596","596.000000000"
"8i9hz","1","1","1.000000000"
"8i9i1","1","2729","2729.000000000"
"8i9i3","1","3651","3651.000000000"
"8i9i4","1","27","27.000000000"
"8i9i5","1","652","652.000000000"
"8i9i7","1","114","114.000000000"
"8i9i9","1","37","37.000000000"
"8i9ia","1","715","715.000000000"
"8i9ib","1","17","17.000000000"
"8i9ic","1","319","319.000000000"
"8i9id","1","165","165.000000000"
"8i9ie","1","83","83.000000000"
"8i9ig","1","859","859.000000000"
"8i9ih","1","131","131.000000000"
"8i9ii","1","1808","1808.000000000"
"8i9ij","1","60","60.000000000"
"8i9ik","1","459","459.000000000"
"8i9im","1","524","524.000000000"
"8i9in","1","1305","1305.000000000"
"8i9ip","1","5","5.000000000"
"8i9j4","1","1694","1694.000000000"
"8i9j6","1","18461","18461.000000000"
"8i9jf","1","2","2.000000000"
"8i9jg","1","458","458.000000000"
"8i9ji","1","19","19.000000000"
"8i9jj","1","504","504.000000000"
"8i9jr","1","2","2.000000000"
"8i9kq","1","167","167.000000000"
"8i9ky","1","1","1.000000000"
"8i9nd","1","3","3.000000000"
"8i9ng","1","14","14.000000000"
"8i9np","1","98","98.000000000"
"8i9os","1","1","1.000000000"
"8i9ot","1","1922","1922.000000000"
"8i9p1","1","8","8.000000000"
"8i9p3","1","10","10.000000000"
"8i9p4","1","5","5.000000000"
"8i9p7","1","34","34.000000000"
"8i9p8","1","23","23.000000000"
"8i9pt","1","2","2.000000000"
"8i9q6","1","6","6.000000000"
"8i9ql","1","5457","5457.000000000"
"8i9qu","1","63","63.000000000"
"8i9s9","1","252","252.000000000"
"8i9sm","1","23","23.000000000"
"8i9t0","1","3","3.000000000"
"8i9tt","1","38","38.000000000"
"8i9u6","1","5","5.000000000"
"8i9vn","1","688","688.000000000"
"8i9ws","1","341","341.000000000"
"8i9xb","1","42","42.000000000"
"8i9z5","1","60","60.000000000"
"8i9z6","1","8","8.000000000"
"8i9z7","1","2","2.000000000"
"8i9zb","1","52","52.000000000"
"8i9zp","1","731","731.000000000"
"8i9zy","1","11","11.000000000"
"8ia0j","1","27","27.000000000"
"8ia0n","1","24","24.000000000"
"8ia11","1","25","25.000000000"
"8ia16","1","184","184.000000000"
"8ia19","1","5","5.000000000"
"8ia1e","1","9","9.000000000"
"8ia25","1","2","2.000000000"
"8ia51","1","11","11.000000000"
"8ia54","1","1","1.000000000"
"8ia62","1","8","8.000000000"
"8ia6z","1","44","44.000000000"
"8ia7h","1","46","46.000000000"
"8ia7p","1","55","55.000000000"
"8ia7z","1","5","5.000000000"
"8ia80","1","720","720.000000000"
"8ia8k","1","1","1.000000000"
"8ia8u","1","125","125.000000000"
"8ia99","1","4","4.000000000"
"8ia9b","1","41","41.000000000"
"8ia9d","1","1","1.000000000"
"8ia9m","1","170","170.000000000"
"8ia9n","1","2","2.000000000"
"8iaa6","1","1","1.000000000"
"8iaar","1","21","21.000000000"
"8iaay","1","108","108.000000000"
"8iaaz","1","18","18.000000000"
"8iab9","1","188","188.000000000"
"8iabd","1","60","60.000000000"
"8iabk","1","8","8.000000000"
"8iabp","1","51","51.000000000"
"8iac5","1","1","1.000000000"
"8iac6","1","336","336.000000000"
"8iact","1","23","23.000000000"
"8iadk","1","46","46.000000000"
"8iadn","1","1","1.000000000"
"8iadr","1","14269","14269.000000000"
"8iadt","1","1993","1993.000000000"
"8iae2","1","1","1.000000000"
"8iae4","1","1","1.000000000"
"8iaeq","1","1","1.000000000"
"8iafg","1","59","59.000000000"
"8iafi","1","191","191.000000000"
"8iagk","1","84","84.000000000"
"8iagn","1","1","1.000000000"
"8iagp","1","14","14.000000000"
"8iagv","1","36","36.000000000"
"8iah0","1","15","15.000000000"
"8iaim","1","1","1.000000000"
"8iaj2","1","202","202.000000000"
"8iajv","1","1","1.000000000"
"8iak0","1","94","94.000000000"
"8iaks","1","7","7.000000000"
"8ial7","1","1","1.000000000"
"8ialk","1","2","2.000000000"
"8ialy","1","324","324.000000000"
"8iam0","1","13","13.000000000"
"8iam4","1","11","11.000000000"
"8iamd","1","12476","12476.000000000"
"8iaml","1","6","6.000000000"
"8iaob","1","2","2.000000000"
"8iaps","1","2","2.000000000"
"8iaqk","1","2","2.000000000"
"8iaqp","1","25","25.000000000"
"8iaqy","1","3","3.000000000"
"8iar6","1","7","7.000000000"
"8iark","1","22","22.000000000"
"8iaru","1","24","24.000000000"
"8iasq","1","14","14.000000000"
"8iasz","1","992","992.000000000"
"8iata","1","220","220.000000000"
"8iatv","1","208","208.000000000"
"8iau4","1","41","41.000000000"
"8iau5","1","25","25.000000000"
"8iau7","1","31","31.000000000"
"8iauu","1","10605","10605.000000000"
"8iavq","1","3791","3791.000000000"
"8iavx","1","127","127.000000000"
"8iawe","1","2","2.000000000"
"8iawh","1","25","25.000000000"
"8iaxa","1","4","4.000000000"
"8iaxj","1","39598","39598.000000000"
"8iayy","1","1","1.000000000"
"8iazm","1","603","603.000000000"
"8ib0l","1","504","504.000000000"
"8ib0m","1","1","1.000000000"
"8ib12","1","42","42.000000000"
"8ib14","1","6","6.000000000"
"8ib16","1","250","250.000000000"
"8ib1i","1","2","2.000000000"
"8ib1j","1","2","2.000000000"
"8ib1t","1","13","13.000000000"
"8ib1v","1","3","3.000000000"
"8ib1x","1","1","1.000000000"
"8ib25","1","24","24.000000000"
"8ib26","1","11","11.000000000"
"8ib2d","1","1","1.000000000"
"8ib2w","1","34","34.000000000"
"8ib34","1","3","3.000000000"
"8ib46","1","2","2.000000000"
"8ib4v","1","3","3.000000000"
"8ib4y","1","19","19.000000000"
"8ib4z","1","502","502.000000000"
"8ib56","1","2065","2065.000000000"
"8ib5i","1","1934","1934.000000000"
"8ib63","1","4","4.000000000"
"8ib6f","1","5","5.000000000"
"8ib6i","1","6","6.000000000"
"8ib6x","1","454","454.000000000"
"8ib7h","1","33","33.000000000"
"8ib7i","1","1","1.000000000"
"8ib9m","1","1","1.000000000"
"8ib9o","1","3","3.000000000"
"8ib9v","1","2","2.000000000"
"8ibah","1","1921","1921.000000000"
"8ibam","1","1","1.000000000"
"8ibay","1","1","1.000000000"
"8ibbr","1","57","57.000000000"
"8ibbv","1","1","1.000000000"
"8ibcb","1","1","1.000000000"
"8ibcv","1","73","73.000000000"
"8ibdg","1","177","177.000000000"
"8ibdl","1","10","10.000000000"
"8ibdm","1","3014","3014.000000000"
"8iber","1","2","2.000000000"
"8ibf5","1","2","2.000000000"
"8ibfa","1","1","1.000000000"
"8ibg2","1","22","22.000000000"
"8ibg6","1","1","1.000000000"
"8ibgj","1","9","9.000000000"
"8ibgo","1","5","5.000000000"
"8ibgx","1","49","49.000000000"
"8ibhn","1","7","7.000000000"
"8ibid","1","9","9.000000000"
"8ibiw","1","9","9.000000000"
"8ibjf","1","427","427.000000000"
"8ibjo","1","78","78.000000000"
"8ibke","1","1","1.000000000"
"8ibkr","1","983","983.000000000"
"8ibl1","1","1","1.000000000"
"8ibmd","1","2","2.000000000"
"8ibmq","1","1","1.000000000"
"8ibmx","1","7","7.000000000"
"8ibn2","1","1","1.000000000"
"8ibnz","1","2","2.000000000"
"8ibo7","1","6","6.000000000"
"8ibop","1","7","7.000000000"
"8ibp0","1","57","57.000000000"
"8ibp7","1","2","2.000000000"
"8ibp9","1","18","18.000000000"
"8ibpi","1","3","3.000000000"
"8ibr7","1","2","2.000000000"
"8ibt9","1","33","33.000000000"
"8ibtd","1","2","2.000000000"
"8ibub","1","2","2.000000000"
"8ibug","1","108","108.000000000"
"8ibum","1","83","83.000000000"
"8ibup","1","591","591.000000000"
"8ibv4","1","2206","2206.000000000"
"8ibw8","1","510","510.000000000"
"8ibxb","1","143","143.000000000"
"8ic07","1","56","56.000000000"
"8ic0m","1","1352","1352.000000000"
"8ic0y","1","82","82.000000000"
"8ic1s","1","16","16.000000000"
"8ic1t","1","144","144.000000000"
"8ic1x","1","1","1.000000000"
"8ic26","1","933","933.000000000"
"8ic2e","1","3","3.000000000"
"8ic2q","1","3","3.000000000"
"8ic3a","1","17","17.000000000"
"8ic3g","1","1","1.000000000"
"8ic3o","1","58","58.000000000"
"8ic3r","1","1","1.000000000"
"8ic3w","1","4","4.000000000"
"8ic46","1","35","35.000000000"
"8ic4i","1","26","26.000000000"
"8ic4v","1","968","968.000000000"
"8ic50","1","1","1.000000000"
"8ic51","1","6","6.000000000"
"8ic55","1","2","2.000000000"
"8ic56","1","3004","3004.000000000"
"8ic59","1","1","1.000000000"
"8ic5b","1","11","11.000000000"
"8ic6b","1","77","77.000000000"
"8ic6d","1","9","9.000000000"
"8ic6r","1","1","1.000000000"
"8ic78","1","1","1.000000000"
"8ic7z","1","3","3.000000000"
"8ic8g","1","6","6.000000000"
"8ic9a","1","5","5.000000000"
"8ic9l","1","24","24.000000000"
"8ic9r","1","3","3.000000000"
"8ica0","1","24","24.000000000"
"8icam","1","17","17.000000000"
"8icaw","1","45","45.000000000"
"8icb3","1","4","4.000000000"
"8icb9","1","2","2.000000000"
"8icbb","1","25","25.000000000"
"8iccd","1","218","218.000000000"
"8iccn","1","121","121.000000000"
"8icdb","1","160","160.000000000"
"8icdj","1","4","4.000000000"
"8ice8","1","917","917.000000000"
"8icee","1","26","26.000000000"
"8icef","1","56","56.000000000"
"8icfc","1","1","1.000000000"
"8icfe","1","4432","4432.000000000"
"8icff","1","1724","1724.000000000"
"8icfm","1","1","1.000000000"
"8icgh","1","2","2.000000000"
"8ich8","1","2","2.000000000"
"8ichd","1","371","371.000000000"
"8ichj","1","8","8.000000000"
"8ichk","1","510","510.000000000"
"8ichs","1","1","1.000000000"
"8ichw","1","11","11.000000000"
"8icia","1","264","264.000000000"
"8icim","1","13","13.000000000"
"8icin","1","2449","2449.000000000"
"8icix","1","2","2.000000000"
"8icoz","1","3","3.000000000"
"8icp7","1","331","331.000000000"
"8icq7","1","17","17.000000000"
"8ictc","1","20","20.000000000"
"8ictf","1","1","1.000000000"
"8ictz","1","163","163.000000000"
"8icu9","1","26","26.000000000"
"8icuy","1","165","165.000000000"
"8icv3","1","1","1.000000000"
"8icvc","1","26","26.000000000"
"8icwe","1","8","8.000000000"
"8icx6","1","1","1.000000000"
"8icxc","1","9","9.000000000"
"8icxd","1","2","2.000000000"
"8icxf","1","8","8.000000000"
"8icxl","1","76","76.000000000"
"8icyy","1","12","12.000000000"
"8icz2","1","339","339.000000000"
"8iczh","1","787","787.000000000"
"8id02","1","1212","1212.000000000"
"8id03","1","351","351.000000000"
"8id0y","1","10","10.000000000"
"8id0z","1","52","52.000000000"
"8id1a","1","9","9.000000000"
"8id2f","1","1","1.000000000"
"8id2s","1","2","2.000000000"
"8id2w","1","11","11.000000000"
"8id2z","1","35","35.000000000"
"8id56","1","1","1.000000000"
"8id57","1","583","583.000000000"
"8id5b","1","3","3.000000000"
"8id5p","1","561","561.000000000"
"8id6y","1","1153","1153.000000000"
"8id6z","1","19","19.000000000"
"8id7o","1","125","125.000000000"
"8id7z","1","1","1.000000000"
"8id89","1","5","5.000000000"
"8id8z","1","1","1.000000000"
"8id9y","1","31","31.000000000"
"8ida1","1","1953","1953.000000000"
"8idam","1","2","2.000000000"
"8idbx","1","84","84.000000000"
"8idc4","1","11","11.000000000"
"8iddj","1","40","40.000000000"
"8iddv","1","1","1.000000000"
"8iddw","1","15","15.000000000"
"8ide1","1","10","10.000000000"
"8ide5","1","1","1.000000000"
"8idem","1","5","5.000000000"
"8idf6","1","1","1.000000000"
"8idfl","1","6","6.000000000"
"8idg8","1","2","2.000000000"
"8idgb","1","1","1.000000000"
"8idh3","1","1","1.000000000"
"8idhm","1","443","443.000000000"
"8idhn","1","23","23.000000000"
"8idhp","1","86","86.000000000"
"8idhs","1","7","7.000000000"
"8idht","1","1","1.000000000"
"8idhw","1","2","2.000000000"
"8idi0","1","2","2.000000000"
"8idi1","1","16","16.000000000"
"8idi4","1","3","3.000000000"
"8idi5","1","11","11.000000000"
"8idi7","1","34","34.000000000"
"8idib","1","1","1.000000000"
"8idit","1","329","329.000000000"
"8idmr","1","6","6.000000000"
"8idn9","1","10","10.000000000"
"8idnv","1","1","1.000000000"
"8idny","1","1","1.000000000"
"8ido2","1","31","31.000000000"
"8idoa","1","16","16.000000000"
"8idob","1","3","3.000000000"
"8idoc","1","5","5.000000000"
"8idou","1","12","12.000000000"
"8idp1","1","2","2.000000000"
"8idp3","1","1","1.000000000"
"8ie57","1","1","1.000000000"
"8ie5k","1","2","2.000000000"
"8ie7p","1","3","3.000000000"
"8ie82","1","4","4.000000000"
"8ie98","1","7","7.000000000"
"8ie9s","1","5","5.000000000"
"8iea1","1","6","6.000000000"
"8ieaq","1","43","43.000000000"
"8ieaz","1","143","143.000000000"
"8ieb4","1","4","4.000000000"
"8iebt","1","1","1.000000000"
"8iebx","1","9","9.000000000"
"8ief6","1","9","9.000000000"
"8iefb","1","137","137.000000000"
"8iefl","1","531","531.000000000"
"8iefo","1","1","1.000000000"
"8iefs","1","4","4.000000000"
"8ieg2","1","79","79.000000000"
"8iegi","1","1","1.000000000"
"8ieh3","1","9","9.000000000"
"8iehk","1","19","19.000000000"
"8ieht","1","35130","35130.000000000"
"8iejt","1","4","4.000000000"
"8iel9","1","428","428.000000000"
"8ielc","1","15","15.000000000"
"8iem5","1","589","589.000000000"
"8iemj","1","1","1.000000000"
"8ien9","1","12","12.000000000"
"8ieo7","1","2","2.000000000"
"8ieol","1","19","19.000000000"
"8ieqn","1","16","16.000000000"
"8iequ","1","1","1.000000000"
"8ies6","1","11","11.000000000"
"8ies8","1","223","223.000000000"
"8ieso","1","1","1.000000000"
"8iet9","1","11900","11900.000000000"
"8ietw","1","10","10.000000000"
"8ieuh","1","2","2.000000000"
"8iev9","1","1","1.000000000"
"8ievj","1","14","14.000000000"
"8ievt","1","33","33.000000000"
"8ievz","1","217","217.000000000"
"8iex1","1","39","39.000000000"
"8iex9","1","2563","2563.000000000"
"8iexi","1","8","8.000000000"
"8iext","1","8","8.000000000"
"8if13","1","50","50.000000000"
"8if2b","1","5","5.000000000"
"8if3m","1","25","25.000000000"
"8if4w","1","1","1.000000000"
"8if5c","1","1","1.000000000"
"8if5p","1","25","25.000000000"
"8if6n","1","2","2.000000000"
"8if7b","1","1","1.000000000"
"8if9o","1","1957","1957.000000000"
"8ifa1","1","42049","42049.000000000"
"8ifan","1","37","37.000000000"
"8ifcw","1","715","715.000000000"
"8ifem","1","3","3.000000000"
"8iff5","1","5","5.000000000"
"8iff6","1","1","1.000000000"
"8iffk","1","292","292.000000000"
"8ifg0","1","1","1.000000000"
"8ifg9","1","3","3.000000000"
"8ifgn","1","5","5.000000000"
"8ifik","1","151","151.000000000"
"8ifm5","1","3","3.000000000"
"8ifma","1","172","172.000000000"
"8ifmk","1","2","2.000000000"
"8ifna","1","9","9.000000000"
"8ifnd","1","1","1.000000000"
"8ifog","1","143","143.000000000"
"8ifov","1","43","43.000000000"
"8ifqc","1","99","99.000000000"
"8ifqi","1","1967","1967.000000000"
"8ifqk","1","121","121.000000000"
"8ifvn","1","1","1.000000000"
"8ifwd","1","4","4.000000000"
"8ifzw","1","7","7.000000000"
"8ig0z","1","4","4.000000000"
"8ig13","1","60","60.000000000"
"8ig4x","1","4","4.000000000"
"8ig5c","1","7","7.000000000"
"8ig76","1","194","194.000000000"
"8ig8i","1","26","26.000000000"
"8igb7","1","17","17.000000000"
"8igbs","1","6","6.000000000"
"8igbt","1","8","8.000000000"
"8igbu","1","8","8.000000000"
"8igc1","1","37","37.000000000"
"8igcb","1","11","11.000000000"
"8igdb","1","4","4.000000000"
"8igdp","1","1","1.000000000"
"8igem","1","11","11.000000000"
"8igew","1","3","3.000000000"
"8igfs","1","50","50.000000000"
"8igh8","1","8","8.000000000"
"8igih","1","2","2.000000000"
"8igj2","1","45","45.000000000"
"8igji","1","7","7.000000000"
"8igkk","1","2","2.000000000"
"8igkp","1","26","26.000000000"
"8igl1","1","42","42.000000000"
"8igl7","1","5","5.000000000"
"8iglk","1","22","22.000000000"
"8igm1","1","4","4.000000000"
"8igm8","1","13","13.000000000"
"8igmr","1","12","12.000000000"
"8ign1","1","1","1.000000000"
"8ignc","1","3","3.000000000"
"8igne","1","5","5.000000000"
"8igo3","1","19","19.000000000"
"8igo7","1","192","192.000000000"
"8igox","1","18","18.000000000"
"8igpd","1","4","4.000000000"
"8igpr","1","5","5.000000000"
"8igql","1","13","13.000000000"
"8igqx","1","2","2.000000000"
"8igr1","1","1","1.000000000"
"8igsh","1","1","1.000000000"
"8igsi","1","5","5.000000000"
"8igts","1","3","3.000000000"
"8igv1","1","22","22.000000000"
"8igvd","1","5","5.000000000"
"8igy3","1","19","19.000000000"
"8igyy","1","1381","1381.000000000"
"8igz8","1","19","19.000000000"
"8igzo","1","2","2.000000000"
"8igzs","1","2","2.000000000"
"8igzy","1","2","2.000000000"
"8igzz","1","2","2.000000000"
"8ih09","1","377","377.000000000"
"8ih1h","1","9","9.000000000"
"8ih1j","1","1","1.000000000"
"8ih20","1","13","13.000000000"
"8ih2n","1","61","61.000000000"
"8ih3o","1","4","4.000000000"
"8ih4k","1","5","5.000000000"
"8ih6i","1","3","3.000000000"
"8iha2","1","935","935.000000000"
"8ihab","1","13","13.000000000"
"8ihac","1","6","6.000000000"
"8ihaj","1","21","21.000000000"
"8ihba","1","551","551.000000000"
"8ihbr","1","1","1.000000000"
"8ihbx","1","6336","6336.000000000"
"8ihc4","1","1328","1328.000000000"
"8ihcj","1","1","1.000000000"
"8ihck","1","28","28.000000000"
"8ihcm","1","2","2.000000000"
"8ihct","1","3","3.000000000"
"8ihcu","1","17","17.000000000"
"8ihd5","1","7","7.000000000"
"8ihdv","1","49","49.000000000"
"8ihe5","1","358","358.000000000"
"8ihhk","1","2","2.000000000"
"8ihij","1","6","6.000000000"
"8ihik","1","52","52.000000000"
"8ihk7","1","4782","4782.000000000"
"8ihkj","1","1","1.000000000"
"8ihkt","1","240","240.000000000"
"8ihl1","1","3","3.000000000"
"8ihl9","1","224","224.000000000"
"8ihlr","1","47","47.000000000"
"8ihn7","1","61","61.000000000"
"8ihna","1","176","176.000000000"
"8ihnk","1","15","15.000000000"
"8ihot","1","6","6.000000000"
"8ihpi","1","75376","75376.000000000"
"8ihqx","1","178","178.000000000"
"8ihrz","1","13","13.000000000"
"8ihs5","1","32","32.000000000"
"8ihsd","1","83","83.000000000"
"8ihsp","1","49","49.000000000"
"8ihth","1","14","14.000000000"
"8ihtk","1","1","1.000000000"
"8ihtv","1","88","88.000000000"
"8ihue","1","3","3.000000000"
"8ihuk","1","4","4.000000000"
"8ihup","1","347","347.000000000"
"8ihuv","1","1","1.000000000"
"8ihuy","1","3","3.000000000"
"8ihv1","1","107","107.000000000"
"8ihvb","1","1","1.000000000"
"8ihwi","1","1","1.000000000"
"8ihwm","1","5","5.000000000"
"8ihxc","1","1","1.000000000"
"8ihxl","1","2","2.000000000"
"8ihxp","1","1","1.000000000"
"8ihxy","1","1","1.000000000"
"8ihy6","1","3","3.000000000"
"8ihyb","1","8","8.000000000"
"8ihyi","1","1","1.000000000"
"8ihz5","1","11","11.000000000"
"8ihzv","1","2","2.000000000"
"8ihzw","1","7","7.000000000"
"8ihzy","1","159","159.000000000"
"8ii07","1","12","12.000000000"
"8ii0g","1","175","175.000000000"
"8ii0i","1","160","160.000000000"
"8ii0k","1","87","87.000000000"
"8ii11","1","469","469.000000000"
"8ii14","1","36","36.000000000"
"8ii1p","1","10","10.000000000"
"8ii1r","1","570","570.000000000"
"8ii26","1","176","176.000000000"
"8ii2b","1","742","742.000000000"
"8ii2l","1","3","3.000000000"
"8ii2n","1","2","2.000000000"
"8ii3a","1","224","224.000000000"
"8ii4l","1","7","7.000000000"
"8ii4n","1","2","2.000000000"
"8ii4y","1","2","2.000000000"
"8ii58","1","65","65.000000000"
"8ii5a","1","35","35.000000000"
"8ii5u","1","1","1.000000000"
"8ii6o","1","9","9.000000000"
"8ii7u","1","183","183.000000000"
"8ii9a","1","301","301.000000000"
"8iiai","1","3","3.000000000"
"8iiby","1","6","6.000000000"
"8iic8","1","2","2.000000000"
"8iicn","1","6","6.000000000"
"8iid3","1","816","816.000000000"
"8iid4","1","6416","6416.000000000"
"8iidh","1","34","34.000000000"
"8iidk","1","928","928.000000000"
"8iidm","1","2395","2395.000000000"
"8iidn","1","1843","1843.000000000"
"8iidr","1","2267","2267.000000000"
"8iie9","1","13","13.000000000"
"8iieo","1","3","3.000000000"
"8iig5","1","1462","1462.000000000"
"8iigf","1","2","2.000000000"
"8iigk","1","1","1.000000000"
"8iigl","1","1375","1375.000000000"
"8iigz","1","59","59.000000000"
"8iih9","1","160","160.000000000"
"8iiii","1","3","3.000000000"
"8iiiv","1","4","4.000000000"
"8iij1","1","1","1.000000000"
"8iijd","1","3","3.000000000"
"8iijk","1","142","142.000000000"
"8iijt","1","1554","1554.000000000"
"8iik1","1","1553","1553.000000000"
"8iilm","1","2","2.000000000"
"8iim7","1","2","2.000000000"
"8iimi","1","2","2.000000000"
"8iina","1","1355","1355.000000000"
"8iinm","1","2","2.000000000"
"8iiov","1","9","9.000000000"
"8iiq8","1","5","5.000000000"
"8iiqq","1","2","2.000000000"
"8iir0","1","49","49.000000000"
"8iird","1","71","71.000000000"
"8iitn","1","1","1.000000000"
"8iitu","1","337","337.000000000"
"8iitv","1","33","33.000000000"
"8iivd","1","398","398.000000000"
"8iivr","1","134","134.000000000"
"8iiwo","1","4","4.000000000"
"8iix3","1","1","1.000000000"
"8iixo","1","44","44.000000000"
"8iixv","1","36","36.000000000"
"8iixy","1","6","6.000000000"
"8iixz","1","5","5.000000000"
"8iiy4","1","569","569.000000000"
"8iiyk","1","43","43.000000000"
"8ij00","1","3","3.000000000"
"8ij02","1","17","17.000000000"
"8ij0g","1","9359","9359.000000000"
"8ij0y","1","87","87.000000000"
"8ij1v","1","1","1.000000000"
"8ij22","1","23","23.000000000"
"8ij28","1","3","3.000000000"
"8ij2q","1","197","197.000000000"
"8ij2z","1","75","75.000000000"
"8ij34","1","2","2.000000000"
"8ij3p","1","2","2.000000000"
"8ij42","1","695","695.000000000"
"8ij4e","1","5","5.000000000"
"8ij4s","1","1","1.000000000"
"8ij4w","1","6","6.000000000"
"8ij4y","1","144","144.000000000"
"8ij4z","1","9","9.000000000"
"8ij59","1","782","782.000000000"
"8ij5w","1","238","238.000000000"
"8ij62","1","1","1.000000000"
"8ij63","1","12","12.000000000"
"8ij6x","1","13","13.000000000"
"8ij77","1","1","1.000000000"
"8ij7g","1","1","1.000000000"
"8ij8t","1","3","3.000000000"
"8ij92","1","836","836.000000000"
"8ij9m","1","394","394.000000000"
"8ijat","1","23","23.000000000"
"8ijb4","1","14","14.000000000"
"8ijb7","1","29","29.000000000"
"8ijb8","1","6480","6480.000000000"
"8ijba","1","5730","5730.000000000"
"8ijbf","1","1904","1904.000000000"
"8ijcm","1","147","147.000000000"
"8ijd3","1","20","20.000000000"
"8ijdf","1","1","1.000000000"
"8ije6","1","7","7.000000000"
"8ijed","1","2","2.000000000"
"8ijei","1","18","18.000000000"
"8ijeq","1","4","4.000000000"
"8ijf6","1","6","6.000000000"
"8ijfb","1","184","184.000000000"
"8ijfd","1","311","311.000000000"
"8ijfl","1","1","1.000000000"
"8ijgn","1","3","3.000000000"
"8ijj1","1","1","1.000000000"
"8ijjb","1","5","5.000000000"
"8ijlc","1","4","4.000000000"
"8ijmb","1","1","1.000000000"
"8ijod","1","55","55.000000000"
"8ijq9","1","18","18.000000000"
"8ijql","1","91","91.000000000"
"8ijqm","1","3","3.000000000"
"8ijqn","1","1","1.000000000"
"8ijqw","1","7","7.000000000"
"8ijro","1","38","38.000000000"
"8ijs4","1","1","1.000000000"
"8ijsn","1","10","10.000000000"
"8ijsu","1","5","5.000000000"
"8ijtd","1","2","2.000000000"
"8ijub","1","19","19.000000000"
"8ijva","1","4","4.000000000"
"8ijw3","1","43","43.000000000"
"8ijwf","1","4","4.000000000"
"8ijx4","1","10","10.000000000"
"8ijy9","1","45","45.000000000"
"8ijyd","1","342","342.000000000"
"8ijzd","1","1156","1156.000000000"
"8ijze","1","113","113.000000000"
"8ijzf","1","9","9.000000000"
"8ijzi","1","560","560.000000000"
"8ijzj","1","917","917.000000000"
"8ijzx","1","4145","4145.000000000"
"8ik0f","1","3","3.000000000"
"8ik0g","1","2","2.000000000"
"8ik0y","1","16","16.000000000"
"8ik15","1","1","1.000000000"
"8ik16","1","9","9.000000000"
"8ik1o","1","1","1.000000000"
"8ik1t","1","8","8.000000000"
"8ik2b","1","39","39.000000000"
"8ik2u","1","24","24.000000000"
"8ik4w","1","19","19.000000000"
"8ik58","1","8434","8434.000000000"
"8ik59","1","44","44.000000000"
"8ik67","1","1","1.000000000"
"8ik6c","1","13","13.000000000"
"8ik6x","1","1","1.000000000"
"8ik7d","1","170","170.000000000"
"8ik7m","1","1","1.000000000"
"8ik7q","1","1","1.000000000"
"8ik9c","1","7","7.000000000"
"8ik9l","1","4","4.000000000"
"8ik9s","1","8","8.000000000"
"8ik9t","1","84","84.000000000"
"8ika3","1","14","14.000000000"
"8ikah","1","635","635.000000000"
"8ikap","1","3","3.000000000"
"8ikaq","1","4","4.000000000"
"8ikb5","1","101","101.000000000"
"8ikba","1","31","31.000000000"
"8ikc8","1","1","1.000000000"
"8ikdj","1","22","22.000000000"
"8ikdw","1","39","39.000000000"
"8ike2","1","17","17.000000000"
"8ikf1","1","32","32.000000000"
"8ikfo","1","16","16.000000000"
"8ikg6","1","13","13.000000000"
"8ikg9","1","4","4.000000000"
"8iki8","1","4","4.000000000"
"8ikip","1","510","510.000000000"
"8ikjp","1","13","13.000000000"
"8iklg","1","1","1.000000000"
"8ikm9","1","285","285.000000000"
"8ikme","1","76","76.000000000"
"8ikmz","1","2","2.000000000"
"8ikn6","1","128","128.000000000"
"8ikna","1","23","23.000000000"
"8ikou","1","147","147.000000000"
"8ikpq","1","296","296.000000000"
"8ikr4","1","549","549.000000000"
"8iks0","1","36","36.000000000"
"8ikt9","1","4678","4678.000000000"
"8ikuf","1","1","1.000000000"
"8ikvr","1","62","62.000000000"
"8ikyc","1","2","2.000000000"
"8ikzq","1","688","688.000000000"
"8il0o","1","8887","8887.000000000"
"8il17","1","4","4.000000000"
"8il1w","1","1622","1622.000000000"
"8il22","1","49","49.000000000"
"8il2j","1","18","18.000000000"
"8il2x","1","660","660.000000000"
"8il3g","1","430","430.000000000"
"8il3o","1","5","5.000000000"
"8il3v","1","233","233.000000000"
"8il4c","1","42","42.000000000"
"8il4n","1","514","514.000000000"
"8il4r","1","8","8.000000000"
"8il6b","1","73","73.000000000"
"8il79","1","47","47.000000000"
"8il7m","1","2","2.000000000"
"8il8k","1","8","8.000000000"
"8ilbu","1","146","146.000000000"
"8ilbx","1","15478","15478.000000000"
"8ilc9","1","3","3.000000000"
"8ildb","1","25","25.000000000"
"8ildi","1","5783","5783.000000000"
"8ildn","1","10","10.000000000"
"8ilee","1","1","1.000000000"
"8ilel","1","12","12.000000000"
"8ilf9","1","148","148.000000000"
"8ilff","1","18","18.000000000"
"8ilfu","1","811","811.000000000"
"8ilh8","1","2","2.000000000"
"8ili5","1","63","63.000000000"
"8iljx","1","4937","4937.000000000"
"8iljy","1","103","103.000000000"
"8ill4","1","6","6.000000000"
"8ilm3","1","3","3.000000000"
"8ilm4","1","35","35.000000000"
"8ilma","1","4","4.000000000"
"8ilmh","1","3","3.000000000"
"8ilnq","1","1","1.000000000"
"8ilnu","1","42","42.000000000"
"8iloh","1","8","8.000000000"
"8ilok","1","2758","2758.000000000"
"8ilp2","1","7","7.000000000"
"8ilqt","1","2885","2885.000000000"
"8ils4","1","3","3.000000000"
"8ils9","1","2308","2308.000000000"
"8ilu4","1","1","1.000000000"
"8iluh","1","3","3.000000000"
"8iluo","1","3","3.000000000"
"8iluy","1","740","740.000000000"
"8ilyg","1","8","8.000000000"
"8ilzp","1","115","115.000000000"
"8ilzu","1","1","1.000000000"
"8im0u","1","735","735.000000000"
"8im11","1","5","5.000000000"
"8im12","1","2","2.000000000"
"8im1a","1","1","1.000000000"
"8im1j","1","1","1.000000000"
"8im29","1","4","4.000000000"
"8im41","1","154","154.000000000"
"8im4f","1","269","269.000000000"
"8im4k","1","8","8.000000000"
"8im4l","1","5","5.000000000"
"8im50","1","1","1.000000000"
"8im59","1","4094","4094.000000000"
"8im6c","1","18","18.000000000"
"8im6t","1","3118","3118.000000000"
"8im78","1","169","169.000000000"
"8im90","1","1","1.000000000"
"8im9a","1","4944","4944.000000000"
"8imbb","1","1","1.000000000"
"8imcs","1","279","279.000000000"
"8imd2","1","47803","47803.000000000"
"8imdp","1","2","2.000000000"
"8imdt","1","21","21.000000000"
"8ime3","1","152","152.000000000"
"8ime7","1","150","150.000000000"
"8imef","1","6","6.000000000"
"8imfu","1","1","1.000000000"
"8img5","1","1","1.000000000"
"8imgt","1","2048","2048.000000000"
"8imh7","1","6","6.000000000"
"8imho","1","3","3.000000000"
"8imhp","1","2","2.000000000"
"8imhz","1","27","27.000000000"
"8imi0","1","4","4.000000000"
"8imib","1","19","19.000000000"
"8imik","1","1","1.000000000"
"8imk8","1","360","360.000000000"
"8imkc","1","325","325.000000000"
"8imkd","1","263","263.000000000"
"8imko","1","3","3.000000000"
"8immj","1","22977","22977.000000000"
"8immk","1","92","92.000000000"
"8immq","1","2","2.000000000"
"8immu","1","7","7.000000000"
"8imna","1","57","57.000000000"
"8imob","1","1024","1024.000000000"
"8impo","1","133","133.000000000"
"8imqe","1","867","867.000000000"
"8imqn","1","3","3.000000000"
"8imrg","1","10","10.000000000"
"8imrr","1","81","81.000000000"
"8ims6","1","677","677.000000000"
"8imt7","1","1","1.000000000"
"8imtk","1","7","7.000000000"
"8imtz","1","1","1.000000000"
"8imu3","1","32","32.000000000"
"8imv2","1","171","171.000000000"
"8imvn","1","2264","2264.000000000"
"8imvu","1","6","6.000000000"
"8imw6","1","7","7.000000000"
"8imwm","1","84","84.000000000"
"8imwn","1","42","42.000000000"
"8imwx","1","2948","2948.000000000"
"8imxk","1","1","1.000000000"
"8imxz","1","15","15.000000000"
"8imy8","1","1","1.000000000"
"8imyq","1","1","1.000000000"
"8imyz","1","4","4.000000000"
"8imz2","1","32","32.000000000"
"8imza","1","21","21.000000000"
"8imzd","1","2402","2402.000000000"
"8imze","1","98","98.000000000"
"8imzr","1","297","297.000000000"
"8imzv","1","69","69.000000000"
"8in00","1","1","1.000000000"
"8in07","1","6","6.000000000"
"8in0d","1","1934","1934.000000000"
"8in0q","1","1","1.000000000"
"8in1c","1","14","14.000000000"
"8in1d","1","45","45.000000000"
"8in1s","1","8047","8047.000000000"
"8in1t","1","2575","2575.000000000"
"8in1y","1","2","2.000000000"
"8in20","1","1","1.000000000"
"8in2d","1","20","20.000000000"
"8in2g","1","2","2.000000000"
"8in34","1","22","22.000000000"
"8in35","1","71","71.000000000"
"8in36","1","1","1.000000000"
"8in3c","1","2034","2034.000000000"
"8in41","1","1","1.000000000"
"8in43","1","1","1.000000000"
"8in49","1","8","8.000000000"
"8in4e","1","2","2.000000000"
"8in66","1","34","34.000000000"
"8in69","1","17346","17346.000000000"
"8in6a","1","19975","19975.000000000"
"8in7f","1","239","239.000000000"
"8in80","1","8","8.000000000"
"8in8e","1","487","487.000000000"
"8in8l","1","3","3.000000000"
"8in8z","1","6","6.000000000"
"8in9f","1","2","2.000000000"
"8in9m","1","17","17.000000000"
"8ina8","1","2","2.000000000"
"8inag","1","9","9.000000000"
"8inat","1","5","5.000000000"
"8inay","1","20442","20442.000000000"
"8inbg","1","2","2.000000000"
"8inca","1","1","1.000000000"
"8incg","1","2","2.000000000"
"8inch","1","1","1.000000000"
"8inck","1","231","231.000000000"
"8ind9","1","1","1.000000000"
"8indc","1","60","60.000000000"
"8inei","1","359","359.000000000"
"8inf7","1","77","77.000000000"
"8ingg","1","41","41.000000000"
"8ings","1","180","180.000000000"
"8inhr","1","2070","2070.000000000"
"8ini4","1","27","27.000000000"
"8ini5","1","2","2.000000000"
"8inig","1","43","43.000000000"
"8inil","1","46","46.000000000"
"8injc","1","24","24.000000000"
"8injo","1","4","4.000000000"
"8inkd","1","9","9.000000000"
"8inld","1","3","3.000000000"
"8inn7","1","591","591.000000000"
"8ino6","1","3016","3016.000000000"
"8inp3","1","14","14.000000000"
"8inrc","1","30","30.000000000"
"8ins1","1","205","205.000000000"
"8insm","1","27","27.000000000"
"8insr","1","3","3.000000000"
"8intf","1","51","51.000000000"
"8inu8","1","8","8.000000000"
"8inum","1","354","354.000000000"
"8invg","1","4","4.000000000"
"8inwd","1","250","250.000000000"
"8inwo","1","144","144.000000000"
"8inwq","1","37","37.000000000"
"8inwx","1","6","6.000000000"
"8inz6","1","45","45.000000000"
"8inz8","1","189","189.000000000"
"8io28","1","53","53.000000000"
"8io3k","1","3","3.000000000"
"8io3v","1","2","2.000000000"
"8io4k","1","1","1.000000000"
"8io4t","1","7","7.000000000"
"8io5j","1","1254","1254.000000000"
"8io5s","1","2246","2246.000000000"
"8io79","1","1","1.000000000"
"8io7a","1","3","3.000000000"
"8io8s","1","142","142.000000000"
"8io95","1","29","29.000000000"
"8io9t","1","15","15.000000000"
"8ioac","1","32","32.000000000"
"8ioad","1","601","601.000000000"
"8ioaf","1","290","290.000000000"
"8iob1","1","27","27.000000000"
"8ioby","1","10","10.000000000"
"8iofb","1","6","6.000000000"
"8iohm","1","1","1.000000000"
"8ioj0","1","1","1.000000000"
"8iok5","1","1","1.000000000"
"8iokr","1","1","1.000000000"
"8ioml","1","2","2.000000000"
"8iomw","1","2","2.000000000"
"8ionb","1","3","3.000000000"
"8ionh","1","1","1.000000000"
"8ionj","1","5","5.000000000"
"8ioo5","1","17","17.000000000"
"8ioo7","1","12","12.000000000"
"8ioov","1","1","1.000000000"
"8ioqe","1","740","740.000000000"
"8ior0","1","8","8.000000000"
"8iory","1","3","3.000000000"
"8iosv","1","3009","3009.000000000"
"8iot1","1","605","605.000000000"
"8iott","1","1","1.000000000"
"8iou1","1","20","20.000000000"
"8iou5","1","2","2.000000000"
"8iou8","1","148","148.000000000"
"8ioui","1","2","2.000000000"
"8ioul","1","3","3.000000000"
"8iow5","1","7","7.000000000"
"8iowu","1","55","55.000000000"
"8ioyh","1","3","3.000000000"
"8ioyz","1","1","1.000000000"
"8iozi","1","23","23.000000000"
"8ip10","1","3","3.000000000"
"8ip1i","1","1","1.000000000"
"8ip1v","1","862","862.000000000"
"8ip45","1","9015","9015.000000000"
"8ip46","1","6","6.000000000"
"8ip4d","1","12631","12631.000000000"
"8ip5p","1","1720","1720.000000000"
"8ip5q","1","291","291.000000000"
"8ip65","1","1","1.000000000"
"8ip71","1","1539","1539.000000000"
"8ip85","1","1","1.000000000"
"8ip8o","1","5","5.000000000"
"8ipat","1","5","5.000000000"
"8ipcr","1","8","8.000000000"
"8ipdk","1","2","2.000000000"
"8ipdp","1","6","6.000000000"
"8ipdr","1","4","4.000000000"
"8ipeq","1","6","6.000000000"
"8ipg0","1","5","5.000000000"
"8ipg1","1","5","5.000000000"
"8ipgq","1","23","23.000000000"
"8ipgz","1","1","1.000000000"
"8iph1","1","1","1.000000000"
"8ipif","1","3","3.000000000"
"8ipiu","1","10","10.000000000"
"8ipks","1","28","28.000000000"
"8ipls","1","93","93.000000000"
"8ipm4","1","16","16.000000000"
"8ipn0","1","7","7.000000000"
"8ipoi","1","2","2.000000000"
"8ipoo","1","715","715.000000000"
"8ippe","1","7","7.000000000"
"8ippl","1","4","4.000000000"
"8ipr3","1","77","77.000000000"
"8iprx","1","1","1.000000000"
"8ipxe","1","186","186.000000000"
"8ipxf","1","3","3.000000000"
"8iq0e","1","141","141.000000000"
"8iq0h","1","1","1.000000000"
"8iq0l","1","167","167.000000000"
"8iq0m","1","3","3.000000000"
"8iq0q","1","53","53.000000000"
"8iq0r","1","6","6.000000000"
"8iq11","1","2","2.000000000"
"8iq1n","1","8","8.000000000"
"8iq1z","1","685","685.000000000"
"8iq22","1","215","215.000000000"
"8iq3b","1","35","35.000000000"
"8iq4r","1","754","754.000000000"
"8iq53","1","2759","2759.000000000"
"8iq7l","1","1","1.000000000"
"8iq7q","1","19","19.000000000"
"8iq85","1","24","24.000000000"
"8iqbs","1","5","5.000000000"
"8iqd8","1","1","1.000000000"
"8iqde","1","28","28.000000000"
"8iqe6","1","9","9.000000000"
"8iqec","1","1","1.000000000"
"8iqee","1","1","1.000000000"
"8iqez","1","1","1.000000000"
"8iqfg","1","4","4.000000000"
"8iqhl","1","4","4.000000000"
"8iqip","1","1","1.000000000"
"8iqjj","1","2","2.000000000"
"8iqk3","1","20","20.000000000"
"8iqks","1","5","5.000000000"
"8iqni","1","9","9.000000000"
"8iqnn","1","7","7.000000000"
"8iqnv","1","7250","7250.000000000"
"8iqp5","1","1","1.000000000"
"8iqqe","1","7","7.000000000"
"8iqr5","1","1","1.000000000"
"8iqsf","1","1","1.000000000"
"8iqsw","1","1","1.000000000"
"8iqtd","1","2","2.000000000"
"8iqth","1","46","46.000000000"
"8iqu0","1","1","1.000000000"
"8iqu4","1","1","1.000000000"
"8iqu5","1","1","1.000000000"
"8iqua","1","3","3.000000000"
"8iqug","1","1174","1174.000000000"
"8iqur","1","1","1.000000000"
"8iquu","1","1","1.000000000"
"8iqvd","1","1","1.000000000"
"8iqvi","1","22","22.000000000"
"8iqvo","1","5","5.000000000"
"8iqvp","1","7","7.000000000"
"8iqvs","1","5","5.000000000"
"8iqw0","1","1","1.000000000"
"8iqw1","1","346","346.000000000"
"8iqw2","1","32","32.000000000"
"8iqw6","1","109","109.000000000"
"8iqw8","1","56","56.000000000"
"8iqw9","1","9","9.000000000"
"8iqwa","1","28","28.000000000"
"8iqwb","1","6","6.000000000"
"8iqwc","1","32","32.000000000"
"8iqwe","1","3","3.000000000"
"8iqwf","1","1","1.000000000"
"8iqwy","1","2","2.000000000"
"8iqx9","1","12","12.000000000"
"8iqxa","1","35","35.000000000"
"8iqxb","1","7","7.000000000"
"8iqxi","1","1","1.000000000"
"8iqym","1","1","1.000000000"
"8iqyw","1","341","341.000000000"
"8iqzc","1","268","268.000000000"
"8iqzg","1","73","73.000000000"
"8iqzh","1","233","233.000000000"
"8iqzi","1","2361","2361.000000000"
"8iqzk","1","1060","1060.000000000"
"8iqzl","1","169","169.000000000"
"8iqzm","1","159","159.000000000"
"8iqzn","1","54","54.000000000"
"8iqzo","1","150","150.000000000"
"8iqzp","1","909","909.000000000"
"8iqzs","1","442","442.000000000"
"8iqzu","1","96","96.000000000"
"8iqzw","1","1103","1103.000000000"
"8iqzz","1","313","313.000000000"
"8ir00","1","345","345.000000000"
"8ir01","1","923","923.000000000"
"8ir05","1","1002","1002.000000000"
"8ir06","1","343","343.000000000"
"8ir07","1","998","998.000000000"
"8ir09","1","851","851.000000000"
"8ir0d","1","146","146.000000000"
"8ir0f","1","324","324.000000000"
"8ir0i","1","6","6.000000000"
"8ir0v","1","3","3.000000000"
"8ir0z","1","3","3.000000000"
"8ir14","1","77","77.000000000"
"8ir16","1","189","189.000000000"
"8ir1o","1","3","3.000000000"
"8ir25","1","9","9.000000000"
"8ir28","1","2","2.000000000"
"8ir2b","1","15","15.000000000"
"8ir2e","1","83","83.000000000"
"8ir2l","1","6","6.000000000"
"8ir2o","1","1","1.000000000"
"8ir2s","1","2","2.000000000"
"8ir3v","1","11","11.000000000"
"8ir4d","1","1","1.000000000"
"8ir6j","1","1","1.000000000"
"8ir6k","1","1","1.000000000"
"8ir6w","1","5","5.000000000"
"8ir7h","1","1","1.000000000"
"8ir96","1","476","476.000000000"
"8irab","1","8450","8450.000000000"
"8irb0","1","15","15.000000000"
"8irbp","1","657","657.000000000"
"8irck","1","10","10.000000000"
"8ircl","1","27","27.000000000"
"8ircq","1","40","40.000000000"
"8ircw","1","2","2.000000000"
"8ircy","1","2","2.000000000"
"8irdq","1","2","2.000000000"
"8irdv","1","6","6.000000000"
"8ire4","1","6","6.000000000"
"8irek","1","1","1.000000000"
"8irgx","1","5","5.000000000"
"8irid","1","2","2.000000000"
"8irih","1","1107","1107.000000000"
"8iriv","1","31","31.000000000"
"8irjv","1","6","6.000000000"
"8irk4","1","262","262.000000000"
"8irkm","1","15","15.000000000"
"8irl1","1","2","2.000000000"
"8irlc","1","1369","1369.000000000"
"8irle","1","158","158.000000000"
"8irll","1","369","369.000000000"
"8irob","1","37900","37900.000000000"
"8irot","1","787","787.000000000"
"8irq0","1","1705","1705.000000000"
"8irqh","1","1","1.000000000"
"8irqi","1","2","2.000000000"
"8irqk","1","3","3.000000000"
"8irr8","1","2","2.000000000"
"8irr9","1","24","24.000000000"
"8irrl","1","1","1.000000000"
"8irrw","1","1","1.000000000"
"8irrx","1","646","646.000000000"
"8irs5","1","71","71.000000000"
"8irsq","1","3","3.000000000"
"8irsy","1","35","35.000000000"
"8irt8","1","86","86.000000000"
"8irtb","1","1","1.000000000"
"8irtc","1","10","10.000000000"
"8irti","1","8","8.000000000"
"8irtu","1","1","1.000000000"
"8iru0","1","15","15.000000000"
"8iru3","1","1","1.000000000"
"8irui","1","93","93.000000000"
"8iruq","1","3","3.000000000"
"8irvj","1","678","678.000000000"
"8irwu","1","3","3.000000000"
"8irzv","1","1","1.000000000"
"8is01","1","570","570.000000000"
"8is0l","1","15","15.000000000"
"8is1d","1","41","41.000000000"
"8is20","1","31","31.000000000"
"8is2b","1","549","549.000000000"
"8is2k","1","672","672.000000000"
"8is2p","1","3","3.000000000"
"8is30","1","1","1.000000000"
"8is32","1","1","1.000000000"
"8is41","1","1","1.000000000"
"8is47","1","6","6.000000000"
"8is4p","1","1","1.000000000"
"8is4w","1","131","131.000000000"
"8is4x","1","21","21.000000000"
"8is5e","1","558","558.000000000"
"8is5f","1","3","3.000000000"
"8is5h","1","525","525.000000000"
"8is5o","1","33","33.000000000"
"8is5q","1","94","94.000000000"
"8is5r","1","36","36.000000000"
"8is6u","1","2","2.000000000"
"8is82","1","1672","1672.000000000"
"8is85","1","3","3.000000000"
"8is87","1","75","75.000000000"
"8is8g","1","63","63.000000000"
"8isas","1","2070","2070.000000000"
"8isat","1","2077","2077.000000000"
"8isau","1","3","3.000000000"
"8isbh","1","46","46.000000000"
"8isbo","1","2","2.000000000"
"8isbr","1","1","1.000000000"
"8isbz","1","141","141.000000000"
"8isch","1","1605","1605.000000000"
"8iscw","1","107","107.000000000"
"8iscy","1","190","190.000000000"
"8isd4","1","1","1.000000000"
"8isd6","1","3","3.000000000"
"8isdb","1","86","86.000000000"
"8isdq","1","15","15.000000000"
"8ise8","1","12","12.000000000"
"8isei","1","10","10.000000000"
"8ises","1","544","544.000000000"
"8iseu","1","16","16.000000000"
"8isf7","1","70","70.000000000"
"8isfp","1","1","1.000000000"
"8isfs","1","1","1.000000000"
"8isgu","1","20","20.000000000"
"8ish6","1","1125","1125.000000000"
"8ishk","1","29","29.000000000"
"8ishn","1","5","5.000000000"
"8isi3","1","1","1.000000000"
"8isj3","1","6229","6229.000000000"
"8isj9","1","46","46.000000000"
"8isje","1","49","49.000000000"
"8isk1","1","1","1.000000000"
"8isk6","1","1","1.000000000"
"8islr","1","46","46.000000000"
"8isme","1","8","8.000000000"
"8ismw","1","3","3.000000000"
"8isp2","1","1","1.000000000"
"8isrm","1","185","185.000000000"
"8isrt","1","2","2.000000000"
"8issu","1","162","162.000000000"
"8isvf","1","1","1.000000000"
"8isxs","1","3","3.000000000"
"8isxw","1","1","1.000000000"
"8isyx","1","2","2.000000000"
"8isz2","1","8","8.000000000"
"8isz4","1","1","1.000000000"
"8it0b","1","26","26.000000000"
"8it0m","1","1","1.000000000"
"8it0v","1","11","11.000000000"
"8it18","1","12","12.000000000"
"8it2h","1","662","662.000000000"
"8it36","1","1474","1474.000000000"
"8it3p","1","115","115.000000000"
"8it4b","1","3","3.000000000"
"8it51","1","174","174.000000000"
"8it52","1","72","72.000000000"
"8it54","1","39","39.000000000"
"8it55","1","162","162.000000000"
"8it57","1","7","7.000000000"
"8it59","1","6","6.000000000"
"8it5a","1","9","9.000000000"
"8it5b","1","5","5.000000000"
"8it5c","1","21","21.000000000"
"8it5d","1","13","13.000000000"
"8it5e","1","59","59.000000000"
"8it5i","1","16","16.000000000"
"8it5k","1","27","27.000000000"
"8it5n","1","33","33.000000000"
"8it5o","1","5","5.000000000"
"8it5q","1","6","6.000000000"
"8it5r","1","7","7.000000000"
"8it5t","1","195","195.000000000"
"8it63","1","1","1.000000000"
"8it65","1","1","1.000000000"
"8it66","1","2","2.000000000"
"8it6j","1","6","6.000000000"
"8it7k","1","6","6.000000000"
"8it7m","1","1","1.000000000"
"8it7o","1","15","15.000000000"
"8it7p","1","7","7.000000000"
"8it8j","1","106","106.000000000"
"8it8l","1","1","1.000000000"
"8it8q","1","2","2.000000000"
"8it9g","1","2188","2188.000000000"
"8it9n","1","6","6.000000000"
"8it9p","1","965","965.000000000"
"8it9w","1","467","467.000000000"
"8itaa","1","16","16.000000000"
"8itap","1","4774","4774.000000000"
"8itat","1","1","1.000000000"
"8itb0","1","13201","13201.000000000"
"8itb1","1","8637","8637.000000000"
"8itcr","1","2150","2150.000000000"
"8itcx","1","1","1.000000000"
"8itdr","1","3","3.000000000"
"8itdx","1","1","1.000000000"
"8ite3","1","8131","8131.000000000"
"8iteu","1","6","6.000000000"
"8itf4","1","24","24.000000000"
"8itfc","1","1","1.000000000"
"8itgs","1","14","14.000000000"
"8ith0","1","16","16.000000000"
"8ith4","1","6220","6220.000000000"
"8ith6","1","1","1.000000000"
"8ithb","1","1","1.000000000"
"8ithf","1","1743","1743.000000000"
"8ithn","1","4","4.000000000"
"8ithu","1","188","188.000000000"
"8ithz","1","4","4.000000000"
"8itif","1","5","5.000000000"
"8itio","1","1","1.000000000"
"8itiu","1","92","92.000000000"
"8itj5","1","40","40.000000000"
"8itji","1","2172","2172.000000000"
"8itk7","1","35","35.000000000"
"8itka","1","1","1.000000000"
"8itkq","1","17","17.000000000"
"8itks","1","11","11.000000000"
"8itkt","1","135","135.000000000"
"8itl2","1","1","1.000000000"
"8itl8","1","2","2.000000000"
"8itla","1","1","1.000000000"
"8itlh","1","111","111.000000000"
"8itli","1","9","9.000000000"
"8itlt","1","46","46.000000000"
"8itly","1","184","184.000000000"
"8itm2","1","1","1.000000000"
"8itme","1","11","11.000000000"
"8itmi","1","4633","4633.000000000"
"8itmu","1","24","24.000000000"
"8itnb","1","1","1.000000000"
"8itod","1","128","128.000000000"
"8itoe","1","4","4.000000000"
"8itof","1","787","787.000000000"
"8itop","1","833","833.000000000"
"8itos","1","2","2.000000000"
"8itoz","1","7","7.000000000"
"8itp0","1","20","20.000000000"
"8itpk","1","76","76.000000000"
"8itq3","1","2","2.000000000"
"8itql","1","5","5.000000000"
"8itqs","1","1","1.000000000"
"8itrb","1","97","97.000000000"
"8itre","1","464","464.000000000"
"8itrn","1","38","38.000000000"
"8itro","1","1","1.000000000"
"8itrq","1","19","19.000000000"
"8its6","1","3","3.000000000"
"8itsg","1","3","3.000000000"
"8itsw","1","7","7.000000000"
"8itt6","1","2","2.000000000"
"8ittc","1","145","145.000000000"
"8itth","1","1","1.000000000"
"8ittq","1","1","1.000000000"
"8ittu","1","4","4.000000000"
"8ittv","1","2","2.000000000"
"8ituk","1","3","3.000000000"
"8itvb","1","1","1.000000000"
"8itww","1","1","1.000000000"
"8itx1","1","67","67.000000000"
"8itx5","1","915","915.000000000"
"8itxs","1","10","10.000000000"
"8itxx","1","8","8.000000000"
"8ityd","1","11","11.000000000"
"8itzi","1","16","16.000000000"
"8iu02","1","3","3.000000000"
"8iu0k","1","4","4.000000000"
"8iu23","1","12","12.000000000"
"8iu2c","1","6791","6791.000000000"
"8iu38","1","2","2.000000000"
"8iu3e","1","149","149.000000000"
"8iu3h","1","1069","1069.000000000"
"8iu4c","1","256","256.000000000"
"8iu57","1","2","2.000000000"
"8iu5r","1","3","3.000000000"
"8iu66","1","156","156.000000000"
"8iu6m","1","1","1.000000000"
"8iu6x","1","6","6.000000000"
"8iu74","1","2","2.000000000"
"8iu76","1","723","723.000000000"
"8iu77","1","21","21.000000000"
"8iu7b","1","2","2.000000000"
"8iu7d","1","1054","1054.000000000"
"8iu7w","1","1","1.000000000"
"8iu82","1","3","3.000000000"
"8iua3","1","26","26.000000000"
"8iuan","1","6968","6968.000000000"
"8iuav","1","9","9.000000000"
"8iub1","1","4","4.000000000"
"8iucx","1","13","13.000000000"
"8iufj","1","34","34.000000000"
"8iufr","1","1","1.000000000"
"8iufs","1","51","51.000000000"
"8iufv","1","2","2.000000000"
"8iugo","1","1","1.000000000"
"8iuhr","1","1","1.000000000"
"8iui3","1","1","1.000000000"
"8iuia","1","7341","7341.000000000"
"8iuip","1","1","1.000000000"
"8iujq","1","6","6.000000000"
"8iujx","1","218","218.000000000"
"8iukd","1","1","1.000000000"
"8iuls","1","16","16.000000000"
"8ium6","1","1","1.000000000"
"8iumc","1","40","40.000000000"
"8iume","1","542","542.000000000"
"8iumx","1","7","7.000000000"
"8iun9","1","803","803.000000000"
"8iuna","1","5","5.000000000"
"8iunk","1","3","3.000000000"
"8iuo8","1","1999","1999.000000000"
"8iuok","1","61","61.000000000"
"8iuqb","1","2","2.000000000"
"8iuqh","1","25","25.000000000"
"8iuqk","1","2020","2020.000000000"
"8iuqp","1","1","1.000000000"
"8iuqv","1","1","1.000000000"
"8iurr","1","9","9.000000000"
"8iuuw","1","2","2.000000000"
"8iuv4","1","13","13.000000000"
"8iuv6","1","77","77.000000000"
"8iuv8","1","16","16.000000000"
"8iuv9","1","46","46.000000000"
"8iuva","1","25","25.000000000"
"8iuwa","1","1","1.000000000"
"8iuxg","1","3","3.000000000"
"8iuxk","1","4","4.000000000"
"8iuxq","1","56","56.000000000"
"8iuy6","1","1","1.000000000"
"8iuyv","1","64","64.000000000"
"8iv07","1","7","7.000000000"
"8iv0i","1","1","1.000000000"
"8iv0s","1","1","1.000000000"
"8iv0x","1","84","84.000000000"
"8iv1g","1","3","3.000000000"
"8iv1m","1","7","7.000000000"
"8iv1x","1","49","49.000000000"
"8iv2t","1","1","1.000000000"
"8iv3o","1","2","2.000000000"
"8iv48","1","1","1.000000000"
"8iv4d","1","1","1.000000000"
"8iv4h","1","2","2.000000000"
"8iv4j","1","142","142.000000000"
"8iv58","1","1","1.000000000"
"8iv5f","1","2","2.000000000"
"8iv5p","1","1","1.000000000"
"8iv65","1","27","27.000000000"
"8iv6j","1","15","15.000000000"
"8iv7e","1","359","359.000000000"
"8iv7j","1","716","716.000000000"
"8iv8i","1","1","1.000000000"
"8iv9n","1","1130","1130.000000000"
"8ivbf","1","156","156.000000000"
"8ivbn","1","258","258.000000000"
"8ivbx","1","1","1.000000000"
"8ivcn","1","3","3.000000000"
"8ivdi","1","115","115.000000000"
"8ivdx","1","12","12.000000000"
"8ive3","1","10","10.000000000"
"8ive5","1","1","1.000000000"
"8ivea","1","42","42.000000000"
"8iveg","1","23","23.000000000"
"8ivf6","1","50","50.000000000"
"8ivfj","1","4","4.000000000"
"8ivfk","1","2229","2229.000000000"
"8ivge","1","8","8.000000000"
"8ivhg","1","1","1.000000000"
"8ivhr","1","149","149.000000000"
"8ivir","1","6743","6743.000000000"
"8iviz","1","2","2.000000000"
"8ivj4","1","1","1.000000000"
"8ivjv","1","3077","3077.000000000"
"8ivkm","1","1","1.000000000"
"8ivkn","1","974","974.000000000"
"8ivlh","1","4213","4213.000000000"
"8ivlp","1","184","184.000000000"
"8ivm9","1","1","1.000000000"
"8ivmk","1","24","24.000000000"
"8ivnj","1","1","1.000000000"
"8ivnk","1","7","7.000000000"
"8ivnx","1","3","3.000000000"
"8ivny","1","1","1.000000000"
"8ivo7","1","137","137.000000000"
"8ivof","1","1638","1638.000000000"
"8ivp6","1","3","3.000000000"
"8ivpt","1","2","2.000000000"
"8ivpv","1","544","544.000000000"
"8ivql","1","1","1.000000000"
"8ivsv","1","1","1.000000000"
"8ivsx","1","312","312.000000000"
"8ivti","1","34","34.000000000"
"8ivtm","1","5","5.000000000"
"8ivtv","1","1","1.000000000"
"8ivwj","1","923","923.000000000"
"8ivwr","1","18","18.000000000"
"8ivwv","1","7","7.000000000"
"8ivxp","1","1","1.000000000"
"8ivy4","1","264","264.000000000"
"8ivy5","1","1","1.000000000"
"8ivyc","1","25","25.000000000"
"8ivyu","1","1","1.000000000"
"8iw0a","1","1","1.000000000"
"8iw0n","1","20","20.000000000"
"8iw0r","1","803","803.000000000"
"8iw1f","1","21","21.000000000"
"8iw1v","1","4","4.000000000"
"8iw21","1","2","2.000000000"
"8iw29","1","16","16.000000000"
"8iw31","1","5","5.000000000"
"8iw3u","1","1","1.000000000"
"8iw46","1","12","12.000000000"
"8iw4a","1","7","7.000000000"
"8iw55","1","1","1.000000000"
"8iw5p","1","12","12.000000000"
"8iw5r","1","2","2.000000000"
"8iw6k","1","1","1.000000000"
"8iw6v","1","1","1.000000000"
"8iw7e","1","34","34.000000000"
"8iw7i","1","19","19.000000000"
"8iw84","1","55","55.000000000"
"8iw9s","1","68","68.000000000"
"8iwaa","1","4","4.000000000"
"8iwac","1","1","1.000000000"
"8iwag","1","1","1.000000000"
"8iwak","1","5","5.000000000"
"8iwau","1","1","1.000000000"
"8iwav","1","3","3.000000000"
"8iwbt","1","4","4.000000000"
"8iwe6","1","15","15.000000000"
"8iweh","1","1","1.000000000"
"8iwf2","1","1","1.000000000"
"8iwfs","1","20","20.000000000"
"8iwg3","1","47","47.000000000"
"8iwh3","1","11","11.000000000"
"8iwhf","1","1","1.000000000"
"8iwhh","1","1","1.000000000"
"8iwhi","1","94","94.000000000"
"8iwid","1","6932","6932.000000000"
"8iwii","1","55","55.000000000"
"8iwj3","1","2","2.000000000"
"8iwjs","1","31","31.000000000"
"8iwky","1","2","2.000000000"
"8iwl4","1","247","247.000000000"
"8iwl5","1","35","35.000000000"
"8iwmb","1","2777","2777.000000000"
"8iwn7","1","1","1.000000000"
"8iwnh","1","3","3.000000000"
"8iwo2","1","888","888.000000000"
"8iwos","1","134","134.000000000"
"8iwp2","1","441","441.000000000"
"8iwp3","1","783","783.000000000"
"8iwpy","1","1","1.000000000"
"8iwq4","1","55","55.000000000"
"8iwq6","1","6","6.000000000"
"8iwqm","1","8","8.000000000"
"8iwqv","1","2","2.000000000"
"8iwrl","1","66","66.000000000"
"8iwrx","1","72","72.000000000"
"8iws2","1","13","13.000000000"
"8iws4","1","2","2.000000000"
"8iws7","1","22","22.000000000"
"8iwsa","1","2","2.000000000"
"8iwsc","1","20","20.000000000"
"8iwu7","1","462","462.000000000"
"8iwug","1","28","28.000000000"
"8iwv8","1","45","45.000000000"
"8iwvi","1","3","3.000000000"
"8iwvl","1","180","180.000000000"
"8iwx5","1","31","31.000000000"
"8iwxs","1","2","2.000000000"
"8iwxv","1","19","19.000000000"
"8iwy8","1","2236","2236.000000000"
"8iwz0","1","2","2.000000000"
"8ix09","1","1","1.000000000"
"8ix0c","1","1","1.000000000"
"8ix2h","1","528","528.000000000"
"8ix3h","1","1","1.000000000"
"8ix6h","1","8","8.000000000"
"8ix6p","1","1209","1209.000000000"
"8ix86","1","1","1.000000000"
"8ix89","1","4","4.000000000"
"8ixdk","1","3","3.000000000"
"8ixgd","1","102","102.000000000"
"8ixgl","1","13","13.000000000"
"8ixl3","1","23","23.000000000"
"8ixly","1","10","10.000000000"
"8ixlz","1","95","95.000000000"
"8ixoq","1","450","450.000000000"
"8ixor","1","1448","1448.000000000"
"8ixp4","1","1","1.000000000"
"8ixq4","1","13401","13401.000000000"
"8ixq5","1","22070","22070.000000000"
"8ixs1","1","61","61.000000000"
"8ixsd","1","3070","3070.000000000"
"8ixue","1","1","1.000000000"
"8ixuj","1","2","2.000000000"
"8ixvg","1","128","128.000000000"
"8ixvu","1","2152","2152.000000000"
"8ixy5","1","4","4.000000000"
"8ixzl","1","1","1.000000000"
"8ixzs","1","2797","2797.000000000"
"8ixzt","1","1060","1060.000000000"
"8iy03","1","9195","9195.000000000"
"8iy0v","1","257","257.000000000"
"8iy1m","1","2","2.000000000"
"8iy36","1","163","163.000000000"
"8iy4x","1","4","4.000000000"
"8iy5g","1","2457","2457.000000000"
"8iy6x","1","1","1.000000000"
"8iy7x","1","16","16.000000000"
"8iy9b","1","10","10.000000000"
"8iyb9","1","10","10.000000000"
"8iyc8","1","3864","3864.000000000"
"8iydk","1","1","1.000000000"
"8iyea","1","2","2.000000000"
"8iyfx","1","59","59.000000000"
"8iyi9","1","148","148.000000000"
"8iyj6","1","43","43.000000000"
"8iyo2","1","3","3.000000000"
"8iysb","1","355","355.000000000"
"8iyvp","1","811","811.000000000"
"8iywe","1","1","1.000000000"
"8iyxe","1","41","41.000000000"
"8iz0o","1","1","1.000000000"
"8iz1c","1","7130","7130.000000000"
"8iz2a","1","302","302.000000000"
"8iz2c","1","199","199.000000000"
"8iz2e","1","66","66.000000000"
"8iz2m","1","212","212.000000000"
"8iz2n","1","293","293.000000000"
"8iz48","1","141","141.000000000"
"8iz6y","1","9","9.000000000"
"8iz7h","1","5","5.000000000"
"8iz7i","1","6369","6369.000000000"
"8iz80","1","1","1.000000000"
"8iz8t","1","2","2.000000000"
"8iz91","1","241","241.000000000"
"8izah","1","15","15.000000000"
"8izak","1","1","1.000000000"
"8izam","1","1","1.000000000"
"8izan","1","1","1.000000000"
"8izao","1","2","2.000000000"
"8izar","1","6","6.000000000"
"8izau","1","36","36.000000000"
"8izav","1","35","35.000000000"
"8izaw","1","9","9.000000000"
"8izay","1","1","1.000000000"
"8izbp","1","2","2.000000000"
"8izbt","1","56","56.000000000"
"8ize1","1","1","1.000000000"
"8izgi","1","5","5.000000000"
"8izjs","1","2","2.000000000"
"8izkp","1","1","1.000000000"
"8izlr","1","10","10.000000000"
"8iznj","1","3044","3044.000000000"
"8izot","1","1","1.000000000"
"8izpa","1","457","457.000000000"
"8izsa","1","8","8.000000000"
"8izt5","1","2911","2911.000000000"
"8izt6","1","1935","1935.000000000"
"8iztc","1","311","311.000000000"
"8iztd","1","7","7.000000000"
"8iztj","1","45","45.000000000"
"8izts","1","1","1.000000000"
"8izu7","1","4","4.000000000"
"8izv8","1","8","8.000000000"
"8izwb","1","240","240.000000000"
"8izwe","1","463","463.000000000"
"8izxr","1","58","58.000000000"
"8izzv","1","323","323.000000000"
"8j00e","1","41","41.000000000"
"8j01d","1","4","4.000000000"
"8j029","1","6","6.000000000"
"8j07i","1","120","120.000000000"
"8j07s","1","27","27.000000000"
"8j085","1","5","5.000000000"
"8j08y","1","5695","5695.000000000"
"8j094","1","1","1.000000000"
"8j096","1","14","14.000000000"
"8j09p","1","7","7.000000000"
"8j0a9","1","58","58.000000000"
"8j0ao","1","15","15.000000000"
"8j0b4","1","1607","1607.000000000"
"8j0b5","1","1483","1483.000000000"
"8j0bs","1","486","486.000000000"
"8j0bz","1","2","2.000000000"
"8j0da","1","12","12.000000000"
"8j0dl","1","3","3.000000000"
"8j0eq","1","51","51.000000000"
"8j0fj","1","960","960.000000000"
"8j0g9","1","47","47.000000000"
"8j0h6","1","2","2.000000000"
"8j0hb","1","342","342.000000000"
"8j0j9","1","53","53.000000000"
"8j0m9","1","3","3.000000000"
"8j0mk","1","26","26.000000000"
"8j0mw","1","28","28.000000000"
"8j0n4","1","224","224.000000000"
"8j0ov","1","378","378.000000000"
"8j0oz","1","3","3.000000000"
"8j0pl","1","2297","2297.000000000"
"8j0py","1","1","1.000000000"
"8j0qc","1","273","273.000000000"
"8j0qr","1","2","2.000000000"
"8j0su","1","7","7.000000000"
"8j0tb","1","7","7.000000000"
"8j0tg","1","9","9.000000000"
"8j0w1","1","3571","3571.000000000"
"8j0wb","1","19","19.000000000"
"8j0ww","1","327","327.000000000"
"8j0x3","1","684","684.000000000"
"8j0x9","1","4241","4241.000000000"
"8j0z9","1","3","3.000000000"
"8j10c","1","45392","45392.000000000"
"8j11k","1","9","9.000000000"
"8j121","1","41","41.000000000"
"8j12n","1","29","29.000000000"
"8j15b","1","31","31.000000000"
"8j16r","1","6","6.000000000"
"8j18g","1","7","7.000000000"
"8j197","1","47","47.000000000"
"8j19d","1","95","95.000000000"
"8j19f","1","3169","3169.000000000"
"8j19x","1","9563","9563.000000000"
"8j1a0","1","49","49.000000000"
"8j1a1","1","1407","1407.000000000"
"8j1a2","1","749","749.000000000"
"8j1a3","1","12","12.000000000"
"8j1a6","1","27","27.000000000"
"8j1a7","1","22","22.000000000"
"8j1aj","1","1436","1436.000000000"
"8j1di","1","33","33.000000000"
"8j1fp","1","4","4.000000000"
"8j1h7","1","3","3.000000000"
"8j1j6","1","7","7.000000000"
"8j1lc","1","122","122.000000000"
"8j1od","1","1766","1766.000000000"
"8j1pb","1","155","155.000000000"
"8j1pd","1","8460","8460.000000000"
"8j1q5","1","1","1.000000000"
"8j1qi","1","1","1.000000000"
"8j1rc","1","5","5.000000000"
"8j1s7","1","1","1.000000000"
"8j1se","1","130","130.000000000"
"8j1so","1","40","40.000000000"
"8j1sp","1","36","36.000000000"
"8j1sw","1","98","98.000000000"
"8j1t4","1","780","780.000000000"
"8j1ti","1","9620","9620.000000000"
"8j1u4","1","16","16.000000000"
"8j1u5","1","56","56.000000000"
"8j1uw","1","5","5.000000000"
"8j1x0","1","7","7.000000000"
"8j1xv","1","18","18.000000000"
"8j1y0","1","1","1.000000000"
"8j1y6","1","5","5.000000000"
"8j20z","1","1444","1444.000000000"
"8j22j","1","9","9.000000000"
"8j22t","1","9","9.000000000"
"8j23z","1","8","8.000000000"
"8j240","1","2","2.000000000"
"8j24h","1","1","1.000000000"
"8j26k","1","85","85.000000000"
"8j279","1","63","63.000000000"
"8j27p","1","7","7.000000000"
"8j295","1","3","3.000000000"
"8j29y","1","12","12.000000000"
"8j2b6","1","66","66.000000000"
"8j2b9","1","68","68.000000000"
"8j2dz","1","1","1.000000000"
"8j2e0","1","14118","14118.000000000"
"8j2e9","1","2","2.000000000"
"8j2er","1","5","5.000000000"
"8j2f8","1","23","23.000000000"
"8j2hf","1","717","717.000000000"
"8j2i2","1","60","60.000000000"
"8j2ix","1","419","419.000000000"
"8j2kd","1","5","5.000000000"
"8j2ki","1","5","5.000000000"
"8j2li","1","2","2.000000000"
"8j2m4","1","10028","10028.000000000"
"8j2nt","1","187","187.000000000"
"8j2pr","1","89","89.000000000"
"8j2r9","1","56","56.000000000"
"8j2s6","1","3517","3517.000000000"
"8j2s7","1","10568","10568.000000000"
"8j2td","1","221","221.000000000"
"8j2to","1","2","2.000000000"
"8j2tr","1","1","1.000000000"
"8j2uy","1","1007","1007.000000000"
"8j2z5","1","32","32.000000000"
"8j2zn","1","1","1.000000000"
"8j307","1","38","38.000000000"
"8j30b","1","17","17.000000000"
"8j30i","1","1","1.000000000"
"8j30r","1","185","185.000000000"
"8j311","1","73","73.000000000"
"8j319","1","2","2.000000000"
"8j31t","1","2046","2046.000000000"
"8j31u","1","94","94.000000000"
"8j326","1","2","2.000000000"
"8j329","1","1","1.000000000"
"8j32k","1","53","53.000000000"
"8j32l","1","106","106.000000000"
"8j32m","1","348","348.000000000"
"8j34p","1","7","7.000000000"
"8j368","1","6186","6186.000000000"
"8j369","1","7073","7073.000000000"
"8j36c","1","2","2.000000000"
"8j36d","1","8610","8610.000000000"
"8j36e","1","11001","11001.000000000"
"8j36f","1","175","175.000000000"
"8j36t","1","4980","4980.000000000"
"8j38c","1","2","2.000000000"
"8j398","1","1","1.000000000"
"8j39n","1","225","225.000000000"
"8j39x","1","1217","1217.000000000"
"8j3e7","1","1","1.000000000"
"8j3ej","1","31","31.000000000"
"8j3fg","1","63","63.000000000"
"8j3fs","1","13","13.000000000"
"8j3gw","1","74810","74810.000000000"
"8j3j2","1","2","2.000000000"
"8j3kg","1","43","43.000000000"
"8j3l0","1","1","1.000000000"
"8j3ln","1","1","1.000000000"
"8j3nw","1","120","120.000000000"
"8j3oy","1","2","2.000000000"
"8j3th","1","3","3.000000000"
"8j3u4","1","226","226.000000000"
"8j3xi","1","466","466.000000000"
"8j3xm","1","4","4.000000000"
"8j3z1","1","7","7.000000000"
"8j3zu","1","27","27.000000000"
"8j416","1","1787","1787.000000000"
"8j41t","1","3","3.000000000"
"8j42p","1","1","1.000000000"
"8j437","1","8","8.000000000"
"8j43i","1","3","3.000000000"
"8j46c","1","15739","15739.000000000"
"8j470","1","1","1.000000000"
"8j49w","1","84","84.000000000"
"8j4ap","1","1","1.000000000"
"8j4ch","1","44","44.000000000"
"8j4dw","1","1","1.000000000"
"8j4fc","1","213","213.000000000"
"8j4fe","1","8","8.000000000"
"8j4gq","1","3201","3201.000000000"
"8j4gr","1","17467","17467.000000000"
"8j4hv","1","2","2.000000000"
"8j4li","1","13","13.000000000"
"8j4mp","1","608","608.000000000"
"8j4nq","1","5","5.000000000"
"8j4o3","1","1","1.000000000"
"8j4og","1","4","4.000000000"
"8j4pk","1","14","14.000000000"
"8j4pp","1","4923","4923.000000000"
"8j4qz","1","5276","5276.000000000"
"8j4sj","1","1","1.000000000"
"8j4tc","1","53","53.000000000"
"8j4tl","1","5","5.000000000"
"8j4tm","1","4","4.000000000"
"8j4uo","1","1525","1525.000000000"
"8j4uq","1","22","22.000000000"
"8j4v5","1","154","154.000000000"
"8j4vg","1","35","35.000000000"
"8j4vj","1","2","2.000000000"
"8j4ye","1","300","300.000000000"
"8j507","1","1625","1625.000000000"
"8j510","1","4","4.000000000"
"8j51f","1","1197","1197.000000000"
"8j522","1","42","42.000000000"
"8j523","1","66","66.000000000"
"8j52r","1","107","107.000000000"
"8j53q","1","9","9.000000000"
"8j53t","1","1032","1032.000000000"
"8j54k","1","6","6.000000000"
"8j54x","1","1","1.000000000"
"8j55y","1","104744","104744.000000000"
"8j55z","1","46060","46060.000000000"
"8j57g","1","4","4.000000000"
"8j59e","1","11","11.000000000"
"8j5a2","1","33","33.000000000"
"8j5an","1","2896","2896.000000000"
"8j5bx","1","519","519.000000000"
"8j5cg","1","220","220.000000000"
"8j5d0","1","470","470.000000000"
"8j5dj","1","430","430.000000000"
"8j5dk","1","3","3.000000000"
"8j5dn","1","1","1.000000000"
"8j5ey","1","5","5.000000000"
"8j5f7","1","21","21.000000000"
"8j5fu","1","394","394.000000000"
"8j5gg","1","1167","1167.000000000"
"8j5gh","1","5974","5974.000000000"
"8j5gi","1","556","556.000000000"
"8j5gj","1","2941","2941.000000000"
"8j5h0","1","15","15.000000000"
"8j5hb","1","1","1.000000000"
"8j5hx","1","3","3.000000000"
"8j5ig","1","5","5.000000000"
"8j5ix","1","15","15.000000000"
"8j5lq","1","7","7.000000000"
"8j5lt","1","49977","49977.000000000"
"8j5n1","1","2","2.000000000"
"8j5n8","1","6","6.000000000"
"8j5ne","1","4","4.000000000"
"8j5oc","1","10","10.000000000"
"8j5od","1","15","15.000000000"
"8j5ol","1","6","6.000000000"
"8j5qz","1","1","1.000000000"
"8j5r6","1","433","433.000000000"
"8j5rx","1","2","2.000000000"
"8j5t5","1","28","28.000000000"
"8j5wq","1","1","1.000000000"
"8j5xt","1","2","2.000000000"
"8j5zr","1","7","7.000000000"
"8j5zs","1","12","12.000000000"
"8j5zz","1","9118","9118.000000000"
"8j603","1","14","14.000000000"
"8j60b","1","163","163.000000000"
"8j60m","1","105","105.000000000"
"8j60q","1","9","9.000000000"
"8j62o","1","9","9.000000000"
"8j62v","1","16","16.000000000"
"8j638","1","150","150.000000000"
"8j64i","1","7","7.000000000"
"8j65y","1","1513","1513.000000000"
"8j67b","1","49","49.000000000"
"8j67c","1","87","87.000000000"
"8j696","1","1652","1652.000000000"
"8j69h","1","1","1.000000000"
"8j69s","1","2","2.000000000"
"8j6ac","1","15","15.000000000"
"8j6ae","1","15","15.000000000"
"8j6b8","1","1","1.000000000"
"8j6em","1","1036","1036.000000000"
"8j6en","1","172","172.000000000"
"8j6eq","1","1","1.000000000"
"8j6es","1","13381","13381.000000000"
"8j6f7","1","174","174.000000000"
"8j6fg","1","132","132.000000000"
"8j6go","1","16","16.000000000"
"8j6he","1","49","49.000000000"
"8j6jw","1","64","64.000000000"
"8j6mc","1","2","2.000000000"
"8j6nz","1","8","8.000000000"
"8j6oi","1","2450","2450.000000000"
"8j6p7","1","3","3.000000000"
"8j6pj","1","3","3.000000000"
"8j6pm","1","2063","2063.000000000"
"8j6ze","1","2","2.000000000"
"8j6zf","1","1310","1310.000000000"
"8j70l","1","208","208.000000000"
"8j72c","1","6","6.000000000"
"8j732","1","3","3.000000000"
"8j73t","1","7088","7088.000000000"
"8j76o","1","4112","4112.000000000"
"8j77b","1","701","701.000000000"
"8j78u","1","805","805.000000000"
"8j79o","1","222","222.000000000"
"8j7ao","1","1","1.000000000"
"8j7ba","1","1","1.000000000"
"8j7ct","1","41","41.000000000"
"8j7dc","1","1","1.000000000"
"8j7ia","1","1","1.000000000"
"8j7ic","1","3","3.000000000"
"8j7iy","1","9","9.000000000"
"8j7jh","1","12","12.000000000"
"8j7mj","1","4","4.000000000"
"8j7si","1","4","4.000000000"
"8j7t8","1","61","61.000000000"
"8j7tm","1","2279","2279.000000000"
"8j7tt","1","5","5.000000000"
"8j7xq","1","31","31.000000000"
"8j7yi","1","1","1.000000000"
"8j7yr","1","790","790.000000000"
"8j80q","1","11","11.000000000"
"8j82j","1","39","39.000000000"
"8j839","1","1","1.000000000"
"8j83j","1","42","42.000000000"
"8j83r","1","2","2.000000000"
"8j83y","1","5","5.000000000"
"8j87g","1","526","526.000000000"
"8j87i","1","7","7.000000000"
"8j8b5","1","3","3.000000000"
"8j8bn","1","5","5.000000000"
"8j8bu","1","6","6.000000000"
"8j8eb","1","1","1.000000000"
"8j8eo","1","2","2.000000000"
"8j8et","1","11","11.000000000"
"8j8gw","1","1","1.000000000"
"8j8h8","1","1","1.000000000"
"8j8ho","1","104","104.000000000"
"8j8hq","1","1","1.000000000"
"8j8hr","1","9","9.000000000"
"8j8i3","1","320","320.000000000"
"8j8j4","1","27","27.000000000"
"8j8jd","1","7994","7994.000000000"
"8j8jg","1","4","4.000000000"
"8j8k3","1","2","2.000000000"
"8j8mt","1","22","22.000000000"
"8j8mz","1","804","804.000000000"
"8j8o4","1","2235","2235.000000000"
"8j8op","1","30","30.000000000"
"8j8or","1","4","4.000000000"
"8j8ou","1","2","2.000000000"
"8j8q3","1","6","6.000000000"
"8j8rh","1","1","1.000000000"
"8j8sa","1","1","1.000000000"
"8j8se","1","85","85.000000000"
"8j8sf","1","122","122.000000000"
"8j8sv","1","132","132.000000000"
"8j8t2","1","702","702.000000000"
"8j8tf","1","34","34.000000000"
"8j8u2","1","218","218.000000000"
"8j8wj","1","2","2.000000000"
"8j8yz","1","1380","1380.000000000"
"8j8zb","1","110","110.000000000"
"8j90l","1","1","1.000000000"
"8j90q","1","8","8.000000000"
"8j92i","1","587","587.000000000"
"8j94o","1","1","1.000000000"
"8j94s","1","1","1.000000000"
"8j94z","1","52","52.000000000"
"8j95g","1","3","3.000000000"
"8j967","1","795","795.000000000"
"8j9a2","1","19","19.000000000"
"8j9a5","1","9","9.000000000"
"8j9aa","1","8","8.000000000"
"8j9d9","1","279","279.000000000"
"8j9eq","1","30","30.000000000"
"8j9ey","1","2","2.000000000"
"8j9ge","1","1","1.000000000"
"8j9h2","1","2","2.000000000"
"8j9h9","1","1","1.000000000"
"8j9i6","1","8917","8917.000000000"
"8j9i7","1","355","355.000000000"
"8j9i9","1","1797","1797.000000000"
"8j9jc","1","1","1.000000000"
"8j9m9","1","165","165.000000000"
"8j9ml","1","23","23.000000000"
"8j9o0","1","886","886.000000000"
"8j9p4","1","517","517.000000000"
"8j9pe","1","75","75.000000000"
"8j9q3","1","12","12.000000000"
"8jb5v","1","1","1.000000000"
"8jc3s","1","1501","1501.000000000"
"8jc5o","1","98","98.000000000"
"8jc8u","1","1","1.000000000"
"8jc8v","1","31229","31229.000000000"
"8jccm","1","99","99.000000000"
"8jcez","1","6","6.000000000"
"8jcfz","1","1","1.000000000"
"8jcgp","1","23","23.000000000"
"8jch5","1","78","78.000000000"
"8jchh","1","134","134.000000000"
"8jciv","1","99","99.000000000"
"8jclv","1","2382","2382.000000000"
"8jcoh","1","1","1.000000000"
"8jcru","1","9","9.000000000"
"8jcuw","1","1","1.000000000"
"8jg20","1","1995","1995.000000000"
"8jg2a","1","6","6.000000000"
"8jg49","1","1","1.000000000"
"8jg5r","1","10","10.000000000"
"8jg82","1","1","1.000000000"
"8jg8w","1","3","3.000000000"
"8jg9s","1","35","35.000000000"
"8jgac","1","172","172.000000000"
"8jgbu","1","7966","7966.000000000"
"8jgcj","1","66","66.000000000"
"8jgcw","1","95","95.000000000"
"8jgel","1","4","4.000000000"
"8jgf3","1","1","1.000000000"
"8jgg3","1","198","198.000000000"
"8jggg","1","1","1.000000000"
"8jgk9","1","1","1.000000000"
"8jgkk","1","852","852.000000000"
"8jgl8","1","1","1.000000000"
"8jgls","1","287","287.000000000"
"8jgok","1","3","3.000000000"
"8jgq9","1","2","2.000000000"
"8jgqa","1","53","53.000000000"
"8jgqb","1","47","47.000000000"
"8jgqr","1","1","1.000000000"
"8jgt1","1","59","59.000000000"
"8jgts","1","38","38.000000000"
"8jgu2","1","1","1.000000000"
"8jgul","1","49","49.000000000"
"8jgvx","1","1","1.000000000"
"8jh5s","1","1","1.000000000"
"8jh5u","1","1","1.000000000"
"8jh5v","1","1","1.000000000"
"8jh60","1","3","3.000000000"
"8jh7b","1","261","261.000000000"
"8jh9c","1","47","47.000000000"
"8jhbl","1","513","513.000000000"
"8jhcs","1","2","2.000000000"
"8jhct","1","3","3.000000000"
"8jhdz","1","17","17.000000000"
"8jhep","1","10","10.000000000"
"8jhfv","1","11877","11877.000000000"
"8jhge","1","70","70.000000000"
"8jhgj","1","1","1.000000000"
"8jhgx","1","8784","8784.000000000"
"8jhh0","1","148","148.000000000"
"8jhi5","1","3","3.000000000"
"8jhis","1","4","4.000000000"
"8jhit","1","21","21.000000000"
"8jhle","1","1","1.000000000"
"8jhlw","1","3","3.000000000"
"8jhmk","1","1","1.000000000"
"8jhnz","1","1537","1537.000000000"
"8jhou","1","59","59.000000000"
"8jhp2","1","11","11.000000000"
"8jhsv","1","2","2.000000000"
"8jhtq","1","1","1.000000000"
"8jhw3","1","98","98.000000000"
"8jhw9","1","4","4.000000000"
"8jhyg","1","7","7.000000000"
"8ji11","1","6","6.000000000"
"8ji1d","1","4","4.000000000"
"8ji1k","1","1439","1439.000000000"
"8ji1l","1","7589","7589.000000000"
"8ji1s","1","562","562.000000000"
"8ji1u","1","289","289.000000000"
"8ji2e","1","1","1.000000000"
"8ji49","1","29","29.000000000"
"8ji4k","1","2085","2085.000000000"
"8ji4m","1","88","88.000000000"
"8ji4n","1","24","24.000000000"
"8ji60","1","1","1.000000000"
"8ji8h","1","213","213.000000000"
"8ji8l","1","2","2.000000000"
"8ji9t","1","2","2.000000000"
"8jiak","1","1","1.000000000"
"8jiam","1","2","2.000000000"
"8jian","1","4","4.000000000"
"8jibl","1","57","57.000000000"
"8jibp","1","1","1.000000000"
"8jict","1","106","106.000000000"
"8jid2","1","1","1.000000000"
"8jiex","1","440","440.000000000"
"8jif4","1","3","3.000000000"
"8jifa","1","12","12.000000000"
"8jiff","1","97","97.000000000"
"8jigh","1","81","81.000000000"
"8jik8","1","1","1.000000000"
"8jil2","1","9","9.000000000"
"8jim2","1","2","2.000000000"
"8jin3","1","19","19.000000000"
"8jior","1","472","472.000000000"
"8jisx","1","194","194.000000000"
"8jith","1","3","3.000000000"
"8jiu2","1","1","1.000000000"
"8jiuc","1","145","145.000000000"
"8jiwm","1","2","2.000000000"
"8jiy2","1","147","147.000000000"
"8jiy8","1","5","5.000000000"
"8jiz8","1","3","3.000000000"
"8jj05","1","2","2.000000000"
"8jj1n","1","497","497.000000000"
"8jj1s","1","1","1.000000000"
"8jj35","1","1","1.000000000"
"8jj3f","1","6","6.000000000"
"8jj6m","1","108","108.000000000"
"8jj7t","1","39497","39497.000000000"
"8jj80","1","1","1.000000000"
"8jj96","1","2","2.000000000"
"8jj9d","1","17","17.000000000"
"8jjao","1","283","283.000000000"
"8jjap","1","2551","2551.000000000"
"8jjc5","1","9699","9699.000000000"
"8jjds","1","104","104.000000000"
"8jjhc","1","1","1.000000000"
"8jjji","1","30723","30723.000000000"
"8jjo9","1","401","401.000000000"
"8jjph","1","1","1.000000000"
"8jjs6","1","2090","2090.000000000"
"8jjsg","1","61","61.000000000"
"8jjve","1","26","26.000000000"
"8jjvh","1","11","11.000000000"
"8jjxl","1","4","4.000000000"
"8jk01","1","2813","2813.000000000"
"8jk02","1","111","111.000000000"
"8jk0d","1","230","230.000000000"
"8jk15","1","3648","3648.000000000"
"8jk1x","1","1664","1664.000000000"
"8jk3i","1","489","489.000000000"
"8jk4m","1","29303","29303.000000000"
"8jk57","1","187","187.000000000"
"8jk7c","1","4","4.000000000"
"8jk8e","1","7","7.000000000"
"8jk8g","1","105696","105696.000000000"
"8jk8n","1","1","1.000000000"
"8jka2","1","5","5.000000000"
"8jkce","1","15","15.000000000"
"8jkdf","1","416","416.000000000"
"8jkdr","1","247","247.000000000"
"8jkea","1","75507","75507.000000000"
"8jkec","1","717","717.000000000"
"8jked","1","2571","2571.000000000"
"8jkfd","1","1537","1537.000000000"
"8jkff","1","78","78.000000000"
"8jkh1","1","1862","1862.000000000"
"8jkhu","1","2","2.000000000"
"8jkhv","1","2","2.000000000"
"8jkij","1","14540","14540.000000000"
"8jkk9","1","1","1.000000000"
"8jkmi","1","108","108.000000000"
"8jkof","1","373","373.000000000"
"8jkor","1","1219","1219.000000000"
"8jkp0","1","7779","7779.000000000"
"8jkp1","1","16553","16553.000000000"
"8jkqn","1","148","148.000000000"
"8jkrj","1","87","87.000000000"
"8jks4","1","28","28.000000000"
"8jksm","1","111","111.000000000"
"8jkt3","1","2","2.000000000"
"8jktn","1","4378","4378.000000000"
"8jku2","1","1","1.000000000"
"8jkul","1","10563","10563.000000000"
"8jkv1","1","226","226.000000000"
"8jkv9","1","33","33.000000000"
"8jkve","1","1497","1497.000000000"
"8jkwc","1","9414","9414.000000000"
"8jkwu","1","19","19.000000000"
"8jky9","1","895","895.000000000"
"8jl02","1","19","19.000000000"
"8jl05","1","178","178.000000000"
"8jl0l","1","13796","13796.000000000"
"8jl0o","1","1","1.000000000"
"8jl1o","1","126","126.000000000"
"8jl1u","1","144","144.000000000"
"8jl23","1","10","10.000000000"
"8jl39","1","1","1.000000000"
"8jl3n","1","154","154.000000000"
"8jl3y","1","347","347.000000000"
"8jl43","1","33","33.000000000"
"8jl4l","1","7","7.000000000"
"8jl61","1","89","89.000000000"
"8jl6e","1","3846","3846.000000000"
"8jl7q","1","1713","1713.000000000"
"8jla6","1","480","480.000000000"
"8jlad","1","1","1.000000000"
"8jlah","1","3","3.000000000"
"8jlc5","1","171","171.000000000"
"8jli0","1","6074","6074.000000000"
"8jlic","1","72","72.000000000"
"8jlii","1","372","372.000000000"
"8jlis","1","17788","17788.000000000"
"8jljk","1","2","2.000000000"
"8jljl","1","1","1.000000000"
"8jljm","1","80","80.000000000"
"8jljq","1","8","8.000000000"
"8jljr","1","407839","407839.000000000"
"8jlju","1","67","67.000000000"
"8jlk3","1","3178","3178.000000000"
"8jlkt","1","65","65.000000000"
"8jlms","1","68","68.000000000"
"8jlmv","1","19","19.000000000"
"8jlmz","1","1","1.000000000"
"8jln6","1","205","205.000000000"
"8jlnl","1","144","144.000000000"
"8jlos","1","3084","3084.000000000"
"8jlpw","1","15025","15025.000000000"
"8jlpz","1","212","212.000000000"
"8jlr2","1","2","2.000000000"
"8jlru","1","4","4.000000000"
"8jlt1","1","5464","5464.000000000"
"8jlu6","1","1850","1850.000000000"
"8jlus","1","1280","1280.000000000"
"8jlyt","1","2","2.000000000"
"8jlzr","1","926","926.000000000"
"8jm0h","1","2","2.000000000"
"8jm0y","1","1","1.000000000"
"8jm18","1","22","22.000000000"
"8jm4d","1","147","147.000000000"
"8jm4h","1","30300","30300.000000000"
"8jm4p","1","1","1.000000000"
"8jm4v","1","562","562.000000000"
"8jm5b","1","16","16.000000000"
"8jm5w","1","4819","4819.000000000"
"8jm90","1","1622","1622.000000000"
"8jm9p","1","2204","2204.000000000"
"8jmbn","1","3","3.000000000"
"8jmch","1","1760","1760.000000000"
"8kuma","1","2","2.000000000"
"8kump","1","95","95.000000000"
"8kumu","1","1359","1359.000000000"
"8kun0","1","3","3.000000000"
"8kun1","1","256","256.000000000"
"8kun5","1","10","10.000000000"
"8kuno","1","1","1.000000000"
"8kunr","1","27","27.000000000"
"8kunx","1","211","211.000000000"
"8kuo4","1","2","2.000000000"
"8kuo5","1","192","192.000000000"
"8kuov","1","9","9.000000000"
"8kuph","1","2","2.000000000"
"8kupw","1","2","2.000000000"
"8kupz","1","1","1.000000000"
"8kuq2","1","14","14.000000000"
"8kuqa","1","121","121.000000000"
"8kuqd","1","31","31.000000000"
"8kuql","1","11","11.000000000"
"8kuro","1","10","10.000000000"
"8kus3","1","521","521.000000000"
"8kus9","1","982","982.000000000"
"8kusa","1","2574","2574.000000000"
"8kusb","1","4705","4705.000000000"
"8kusi","1","3","3.000000000"
"8kusr","1","17","17.000000000"
"8kuti","1","2","2.000000000"
"8kuto","1","926","926.000000000"
"8kutv","1","5","5.000000000"
"8kuuh","1","2","2.000000000"
"8kuv3","1","1","1.000000000"
"8kuv8","1","1","1.000000000"
"8kuv9","1","867","867.000000000"
"8kuva","1","341","341.000000000"
"8kuvb","1","5903","5903.000000000"
"8kuvj","1","276","276.000000000"
"8kuvn","1","17","17.000000000"
"8kuvt","1","105271","105271.000000000"
"8kuvy","1","2","2.000000000"
"8kux8","1","18","18.000000000"
"8kuxa","1","65476","65476.000000000"
"8kuxc","1","1","1.000000000"
"8kuxg","1","7","7.000000000"
"8kuxh","1","15","15.000000000"
"8kuxi","1","4","4.000000000"
"8kuxj","1","20","20.000000000"
"8kuxk","1","1","1.000000000"
"8kuxp","1","3","3.000000000"
"8kuy3","1","1","1.000000000"
"8kuy4","1","1","1.000000000"
"8kuy9","1","1","1.000000000"
"8kuyg","1","1863","1863.000000000"
"8kuyp","1","1","1.000000000"
"8kuys","1","72","72.000000000"
"8kuze","1","7","7.000000000"
"8kuzg","1","16","16.000000000"
"8kuzj","1","146","146.000000000"
"8kuzl","1","15","15.000000000"
"8kv08","1","2931","2931.000000000"
"8kv0e","1","68","68.000000000"
"8kv0o","1","6","6.000000000"
"8kv0s","1","10950","10950.000000000"
"8kv3c","1","13","13.000000000"
"8kv3v","1","287","287.000000000"
"8kv42","1","2","2.000000000"
"8kv4a","1","6","6.000000000"
"8kv4d","1","1","1.000000000"
"8kv4k","1","36","36.000000000"
"8kv4v","1","230","230.000000000"
"8kv4x","1","3","3.000000000"
"8kv5a","1","1","1.000000000"
"8kv5w","1","397","397.000000000"
"8kv5y","1","1","1.000000000"
"8kv6q","1","1","1.000000000"
"8kv6v","1","378","378.000000000"
"8kv6y","1","44","44.000000000"
"8kv74","1","136","136.000000000"
"8kv77","1","5","5.000000000"
"8kv7n","1","268","268.000000000"
"8kv7x","1","248","248.000000000"
"8kv80","1","7","7.000000000"
"8kv8i","1","4","4.000000000"
"8kv8s","1","19","19.000000000"
"8kv90","1","123","123.000000000"
"8kv97","1","184","184.000000000"
"8kv9a","1","56","56.000000000"
"8kv9b","1","16","16.000000000"
"8kvad","1","102","102.000000000"
"8kvas","1","86","86.000000000"
"8kvax","1","111","111.000000000"
"8kvb3","1","4","4.000000000"
"8kvbe","1","9","9.000000000"
"8kvbi","1","2","2.000000000"
"8kvc4","1","39","39.000000000"
"8kvc7","1","26","26.000000000"
"8kvc8","1","3","3.000000000"
"8kvcs","1","2","2.000000000"
"8kvct","1","1","1.000000000"
"8kvdh","1","7","7.000000000"
"8kve7","1","206","206.000000000"
"8kvec","1","86","86.000000000"
"8kven","1","44","44.000000000"
"8kveo","1","140","140.000000000"
"8kveq","1","34","34.000000000"
"8kvey","1","7","7.000000000"
"8kvfl","1","1","1.000000000"
"8kvfn","1","5","5.000000000"
"8kvfr","1","1048","1048.000000000"
"8kvg3","1","1","1.000000000"
"8kvgc","1","1","1.000000000"
"8kvgp","1","1","1.000000000"
"8kvgr","1","15","15.000000000"
"8kvgs","1","13","13.000000000"
"8kvh1","1","13","13.000000000"
"8kvh9","1","4","4.000000000"
"8kvhd","1","10","10.000000000"
"8kvhi","1","2448","2448.000000000"
"8kvhp","1","4","4.000000000"
"8kvhz","1","1","1.000000000"
"8kvie","1","4","4.000000000"
"8kvil","1","7","7.000000000"
"8kvim","1","731","731.000000000"
"8kviw","1","467","467.000000000"
"8kvj1","1","84","84.000000000"
"8kvjl","1","1","1.000000000"
"8kvkh","1","1","1.000000000"
"8kvkj","1","9","9.000000000"
"8kvkq","1","85","85.000000000"
"8kvkw","1","268","268.000000000"
"8kvl0","1","155","155.000000000"
"8kvl1","1","149","149.000000000"
"8kvl2","1","637","637.000000000"
"8kvl6","1","394","394.000000000"
"8kvl7","1","811","811.000000000"
"8kvl8","1","1","1.000000000"
"8kvlp","1","464","464.000000000"
"8kvlq","1","9","9.000000000"
"8kvm0","1","264","264.000000000"
"8kvm1","1","201","201.000000000"
"8kvm2","1","1276","1276.000000000"
"8kvm6","1","544","544.000000000"
"8kvm7","1","63","63.000000000"
"8kvma","1","1","1.000000000"
"8kvmd","1","3","3.000000000"
"8kvmf","1","48","48.000000000"
"8kvmo","1","29","29.000000000"
"8kvmr","1","390","390.000000000"
"8kvna","1","1220","1220.000000000"
"8kvnb","1","175","175.000000000"
"8kvnu","1","8","8.000000000"
"8kvo1","1","94","94.000000000"
"8kvos","1","6","6.000000000"
"8kvot","1","13","13.000000000"
"8kvpb","1","32","32.000000000"
"8kvpc","1","19","19.000000000"
"8kvpe","1","24","24.000000000"
"8kvpg","1","5","5.000000000"
"8kvpr","1","1","1.000000000"
"8kvpw","1","26","26.000000000"
"8kvq0","1","32","32.000000000"
"8kvqh","1","29","29.000000000"
"8kvqm","1","63","63.000000000"
"8kvqp","1","4","4.000000000"
"8kvr5","1","3","3.000000000"
"8kvr9","1","1","1.000000000"
"8kvrh","1","2","2.000000000"
"8kvrr","1","3","3.000000000"
"8kvry","1","4","4.000000000"
"8kvs0","1","118","118.000000000"
"8kvs1","1","1","1.000000000"
"8kvs9","1","10","10.000000000"
"8kvsu","1","40","40.000000000"
"8kvtr","1","2","2.000000000"
"8kvtw","1","1","1.000000000"
"8kvty","1","1073","1073.000000000"
"8kvu3","1","1","1.000000000"
"8kvu7","1","10","10.000000000"
"8kvug","1","94","94.000000000"
"8kvuh","1","28","28.000000000"
"8kvv2","1","324","324.000000000"
"8kvv3","1","4","4.000000000"
"8kvv4","1","474","474.000000000"
"8kvv6","1","3507","3507.000000000"
"8kvv7","1","188","188.000000000"
"8kvv8","1","1","1.000000000"
"8kvvd","1","1117","1117.000000000"
"8kvvh","1","358","358.000000000"
"8kvxs","1","1","1.000000000"
"8kvy3","1","3","3.000000000"
"8kvyf","1","29","29.000000000"
"8kvyo","1","605","605.000000000"
"8kvyr","1","38","38.000000000"
"8kvzp","1","2","2.000000000"
"8kw03","1","4","4.000000000"
"8kw0f","1","828","828.000000000"
"8kw0n","1","12","12.000000000"
"8kw15","1","8","8.000000000"
"8kw19","1","566","566.000000000"
"8kw1q","1","28","28.000000000"
"8kw28","1","2","2.000000000"
"8kw2n","1","1","1.000000000"
"8kw39","1","1","1.000000000"
"8kw3g","1","1618","1618.000000000"
"8kw4u","1","4","4.000000000"
"8kw4v","1","3099","3099.000000000"
"8kw4x","1","12","12.000000000"
"8kw4z","1","206","206.000000000"
"8kw53","1","7","7.000000000"
"8kw5p","1","2","2.000000000"
"8kw5u","1","511","511.000000000"
"8kw6d","1","5","5.000000000"
"8kw70","1","3","3.000000000"
"8kwzo","1","58","58.000000000"
"8kwzv","1","73","73.000000000"
"8kwzx","1","321","321.000000000"
"8kwzy","1","56","56.000000000"
"8kx0a","1","1","1.000000000"
"8kx0h","1","8","8.000000000"
"8kx0o","1","280","280.000000000"
"8kx0y","1","52","52.000000000"
"8kx17","1","3","3.000000000"
"8kx19","1","36","36.000000000"
"8kx1q","1","1","1.000000000"
"8kx1z","1","1","1.000000000"
"8kx21","1","1","1.000000000"
"8kx25","1","19","19.000000000"
"8kx29","1","1","1.000000000"
"8kx2a","1","1","1.000000000"
"8kx2d","1","313","313.000000000"
"8kx2g","1","1","1.000000000"
"8kx2r","1","7","7.000000000"
"8kx2u","1","202","202.000000000"
"8kx2w","1","50","50.000000000"
"8kx31","1","10578","10578.000000000"
"8kx33","1","3","3.000000000"
"8kx37","1","53","53.000000000"
"8kx3a","1","32","32.000000000"
"8kx3b","1","5","5.000000000"
"8kx3c","1","50","50.000000000"
"8kx3f","1","116","116.000000000"
"8kx3i","1","20","20.000000000"
"8kx3q","1","241","241.000000000"
"8kx3r","1","3","3.000000000"
"8kx47","1","6","6.000000000"
"8kx4j","1","3","3.000000000"
"8kx5a","1","346","346.000000000"
"8kx5c","1","19","19.000000000"
"8kx5g","1","25","25.000000000"
"8kx5q","1","1","1.000000000"
"8kx6b","1","1","1.000000000"
"8kx86","1","2","2.000000000"
"8kxdu","1","20","20.000000000"
"8kxe3","1","4","4.000000000"
"8kxee","1","611","611.000000000"
"8kxef","1","1","1.000000000"
"8kxel","1","10","10.000000000"
"8kxem","1","11","11.000000000"
"8kxep","1","19","19.000000000"
"8kxer","1","122","122.000000000"
"8kxev","1","2","2.000000000"
"8kxew","1","2","2.000000000"
"8kxez","1","1","1.000000000"
"8kxf2","1","443","443.000000000"
"8kxf4","1","76","76.000000000"
"8kxfb","1","97","97.000000000"
"8kxfu","1","1","1.000000000"
"8kxgk","1","6","6.000000000"
"8kxgm","1","50","50.000000000"
"8kxgs","1","784","784.000000000"
"8kxgt","1","205","205.000000000"
"8kxgu","1","561","561.000000000"
"8kxgv","1","653","653.000000000"
"8kxgy","1","14","14.000000000"
"8kxhd","1","1","1.000000000"
"8kxhn","1","20","20.000000000"
"8kxhp","1","2","2.000000000"
"8kxhq","1","5706","5706.000000000"
"8kxij","1","2874","2874.000000000"
"8kxik","1","5","5.000000000"
"8kxim","1","1","1.000000000"
"8kxj4","1","7","7.000000000"
"8kxj8","1","55","55.000000000"
"8kxjw","1","136","136.000000000"
"8kxjy","1","149","149.000000000"
"8kxkx","1","1493","1493.000000000"
"8kxl2","1","1","1.000000000"
"8kxl3","1","1102","1102.000000000"
"8kxla","1","71","71.000000000"
"8kxlk","1","954","954.000000000"
"8kxll","1","1228","1228.000000000"
"8kxlo","1","42","42.000000000"
"8kxlp","1","1006","1006.000000000"
"8kxlq","1","84","84.000000000"
"8kxlr","1","1884","1884.000000000"
"8kxlt","1","403","403.000000000"
"8kxlv","1","820","820.000000000"
"8kxly","1","1166","1166.000000000"
"8kxm0","1","48","48.000000000"
"8kxm9","1","113","113.000000000"
"8kxmh","1","412","412.000000000"
"8kxml","1","51","51.000000000"
"8kxmm","1","1","1.000000000"
"8kxmo","1","12","12.000000000"
"8kxn2","1","1","1.000000000"
"8kxn5","1","37","37.000000000"
"8kxnk","1","9","9.000000000"
"8kxnl","1","3412","3412.000000000"
"8kxnm","1","963","963.000000000"
"8kxnn","1","170","170.000000000"
"8kxnw","1","97","97.000000000"
"8kxo5","1","1","1.000000000"
"8kxoj","1","406","406.000000000"
"8kxom","1","69","69.000000000"
"8kxor","1","12","12.000000000"
"8kxos","1","3","3.000000000"
"8kxox","1","11","11.000000000"
"8kxoy","1","298","298.000000000"
"8kxp5","1","1","1.000000000"
"8kxpa","1","1","1.000000000"
"8kxpd","1","30","30.000000000"
"8kxpq","1","43","43.000000000"
"8kxpv","1","124","124.000000000"
"8kxq6","1","1045","1045.000000000"
"8kxqd","1","53","53.000000000"
"8kxqf","1","2","2.000000000"
"8kxqj","1","96","96.000000000"
"8kxqk","1","1710","1710.000000000"
"8kxqm","1","116","116.000000000"
"8kxqw","1","108","108.000000000"
"8kxr9","1","1192","1192.000000000"
"8kxrb","1","79","79.000000000"
"8kxrc","1","46","46.000000000"
"8kxre","1","1629","1629.000000000"
"8kxri","1","49","49.000000000"
"8kxrj","1","29","29.000000000"
"8kxrs","1","45","45.000000000"
"8kxtp","1","36","36.000000000"
"8kxvk","1","367","367.000000000"
"8kxxf","1","62","62.000000000"
"8kxzn","1","2","2.000000000"
"8kxzu","1","561","561.000000000"
"8ky0g","1","1","1.000000000"
"8ky0o","1","8","8.000000000"
"8ky15","1","36","36.000000000"
"8ky18","1","1","1.000000000"
"8ky1v","1","10","10.000000000"
"8ky22","1","26","26.000000000"
"8ky2b","1","3","3.000000000"
"8ky2f","1","7","7.000000000"
"8ky2l","1","3","3.000000000"
"8ky2n","1","2","2.000000000"
"8ky46","1","73","73.000000000"
"8ky4j","1","16","16.000000000"
"8ky4k","1","46","46.000000000"
"8ky4n","1","7","7.000000000"
"8ky4r","1","1","1.000000000"
"8ky4x","1","1","1.000000000"
"8ky50","1","1","1.000000000"
"8ky5c","1","15","15.000000000"
"8ky5s","1","1","1.000000000"
"8ky6d","1","3","3.000000000"
"8ky6h","1","455","455.000000000"
"8ky6n","1","443","443.000000000"
"8ky6u","1","12","12.000000000"
"8ky6v","1","66","66.000000000"
"8ky77","1","4","4.000000000"
"8ky8n","1","9","9.000000000"
"8ky8r","1","3","3.000000000"
"8ky93","1","5","5.000000000"
"8ky9n","1","1","1.000000000"
"8kyao","1","2","2.000000000"
"8kyb9","1","7","7.000000000"
"8kybc","1","3","3.000000000"
"8kybl","1","5567","5567.000000000"
"8kybu","1","1","1.000000000"
"8kyc0","1","5","5.000000000"
"8kycf","1","1","1.000000000"
"8kycw","1","185","185.000000000"
"8kydv","1","825","825.000000000"
"8kygk","1","33","33.000000000"
"8kygl","1","3","3.000000000"
"8kygo","1","1","1.000000000"
"8kygq","1","206","206.000000000"
"8kygz","1","1","1.000000000"
"8kyhj","1","1","1.000000000"
"8kyiq","1","14","14.000000000"
"8kyjt","1","12","12.000000000"
"8kyk5","1","86","86.000000000"
"8kyka","1","2","2.000000000"
"8kyl4","1","97","97.000000000"
"8kyl5","1","40","40.000000000"
"8kyld","1","50","50.000000000"
"8kymr","1","3","3.000000000"
"8kynd","1","10","10.000000000"
"8kynk","1","3","3.000000000"
"8kyov","1","1902","1902.000000000"
"8kyow","1","5","5.000000000"
"8kyoy","1","1","1.000000000"
"8kyp1","1","109","109.000000000"
"8kyp7","1","2","2.000000000"
"8kyp8","1","7","7.000000000"
"8kypd","1","90","90.000000000"
"8kypr","1","23","23.000000000"
"8kyqu","1","1","1.000000000"
"8kyre","1","2","2.000000000"
"8kysj","1","12","12.000000000"
"8kyss","1","3","3.000000000"
"8kytg","1","1","1.000000000"
"8kyu8","1","6","6.000000000"
"8kyvb","1","4774","4774.000000000"
"8kyvg","1","3","3.000000000"
"8kyvt","1","2","2.000000000"
"8kyvw","1","30","30.000000000"
"8kyw0","1","8","8.000000000"
"8kyw6","1","27","27.000000000"
"8kywb","1","92","92.000000000"
"8kywm","1","1","1.000000000"
"8kywq","1","1","1.000000000"
"8kywy","1","113","113.000000000"
"8kyxs","1","1","1.000000000"
"8kyxz","1","1","1.000000000"
"8kyyv","1","14","14.000000000"
"8kyz1","1","14","14.000000000"
"8kyzp","1","63868","63868.000000000"
"8kz2d","1","12","12.000000000"
"8kz2e","1","1","1.000000000"
"8kz2y","1","1","1.000000000"
"8kz4p","1","1","1.000000000"
"8kz5j","1","8","8.000000000"
"8kz64","1","106","106.000000000"
"8kz6l","1","1","1.000000000"
"8kz6p","1","881","881.000000000"
"8kz6r","1","1","1.000000000"
"8kz74","1","2","2.000000000"
"8kz7h","1","2","2.000000000"
"8kz7i","1","1","1.000000000"
"8kz7z","1","14","14.000000000"
"8kz81","1","22","22.000000000"
"8kz84","1","307","307.000000000"
"8kz8a","1","34","34.000000000"
"8kz9c","1","10","10.000000000"
"8kz9e","1","9","9.000000000"
"8kz9f","1","2276","2276.000000000"
"8kz9k","1","1","1.000000000"
"8kz9x","1","3","3.000000000"
"8kzaf","1","1","1.000000000"
"8kzbb","1","13219","13219.000000000"
"8kzbg","1","19","19.000000000"
"8kzd5","1","4","4.000000000"
"8kzds","1","10","10.000000000"
"8kzen","1","29","29.000000000"
"8kzep","1","41","41.000000000"
"8kzer","1","19","19.000000000"
"8kzes","1","1","1.000000000"
"8kzf2","1","2","2.000000000"
"8kzf5","1","1","1.000000000"
"8kzfo","1","86","86.000000000"
"8kzgc","1","2","2.000000000"
"8kzgf","1","3","3.000000000"
"8kzhr","1","9","9.000000000"
"8kzhu","1","2","2.000000000"
"8kzhz","1","18","18.000000000"
"8kzi1","1","3","3.000000000"
"8kzi5","1","1","1.000000000"
"8kzjk","1","243","243.000000000"
"8kzjq","1","28","28.000000000"
"8kzjy","1","3","3.000000000"
"8kzkc","1","5","5.000000000"
"8kzkl","1","43","43.000000000"
"8kzkp","1","4","4.000000000"
"8kzkq","1","1","1.000000000"
"8kzl3","1","3","3.000000000"
"8kzl6","1","2","2.000000000"
"8kzlb","1","1","1.000000000"
"8kzll","1","107","107.000000000"
"8kzlm","1","4","4.000000000"
"8kzm1","1","513","513.000000000"
"8kzmh","1","3","3.000000000"
"8kzmx","1","1","1.000000000"
"8kzmy","1","63","63.000000000"
"8kzna","1","3318","3318.000000000"
"8kznn","1","1295","1295.000000000"
"8kznw","1","93","93.000000000"
"8kzo4","1","8","8.000000000"
"8kzom","1","1","1.000000000"
"8kzpi","1","8","8.000000000"
"8kzq3","1","2","2.000000000"
"8kzqd","1","509","509.000000000"
"8kzqe","1","4","4.000000000"
"8kzqo","1","2","2.000000000"
"8kzr4","1","45","45.000000000"
"8kzr5","1","59","59.000000000"
"8kzr6","1","66","66.000000000"
"8kzr7","1","90","90.000000000"
"8kzr9","1","52","52.000000000"
"8kzss","1","50","50.000000000"
"8kzst","1","53","53.000000000"
"8kzsu","1","41","41.000000000"
"8kzt1","1","3353","3353.000000000"
"8kztj","1","3","3.000000000"
"8kztp","1","2","2.000000000"
"8kztq","1","135","135.000000000"
"8kzu3","1","7","7.000000000"
"8kzuk","1","47","47.000000000"
"8kzv1","1","241","241.000000000"
"8kzvn","1","6301","6301.000000000"
"8kzw1","1","37","37.000000000"
"8kzwc","1","11","11.000000000"
"8kzwu","1","281","281.000000000"
"8kzx6","1","19","19.000000000"
"8kzxc","1","46","46.000000000"
"8kzxk","1","156","156.000000000"
"8kzxo","1","9","9.000000000"
"8kzxz","1","1368","1368.000000000"
"8kzy2","1","3","3.000000000"
"8kzy5","1","1700","1700.000000000"
"8kzyi","1","2182","2182.000000000"
"8kzyz","1","3","3.000000000"
"8l004","1","1","1.000000000"
"8l00g","1","4566","4566.000000000"
"8l00h","1","170","170.000000000"
"8l00x","1","4","4.000000000"
"8l014","1","6","6.000000000"
"8l01a","1","9","9.000000000"
"8l01b","1","1","1.000000000"
"8l01g","1","68","68.000000000"
"8l01w","1","1","1.000000000"
"8l01y","1","24","24.000000000"
"8l029","1","9","9.000000000"
"8l02e","1","1","1.000000000"
"8l02g","1","3","3.000000000"
"8l02m","1","2","2.000000000"
"8l02n","1","2","2.000000000"
"8l02t","1","25","25.000000000"
"8l02x","1","146","146.000000000"
"8l03g","1","2","2.000000000"
"8l03j","1","33","33.000000000"
"8l046","1","2","2.000000000"
"8l04m","1","26","26.000000000"
"8l04x","1","54","54.000000000"
"8l04z","1","296","296.000000000"
"8l050","1","51","51.000000000"
"8l051","1","50","50.000000000"
"8l052","1","44","44.000000000"
"8l053","1","51","51.000000000"
"8l05k","1","6","6.000000000"
"8l05l","1","464","464.000000000"
"8l05z","1","3","3.000000000"
"8l061","1","60","60.000000000"
"8l063","1","33","33.000000000"
"8l06b","1","1","1.000000000"
"8l071","1","292","292.000000000"
"8l07i","1","345","345.000000000"
"8l07n","1","5","5.000000000"
"8l07q","1","1","1.000000000"
"8l07t","1","1","1.000000000"
"8l08l","1","2","2.000000000"
"8l09b","1","89","89.000000000"
"8l0a0","1","65","65.000000000"
"8l0aq","1","16","16.000000000"
"8l0b4","1","213","213.000000000"
"8l0bl","1","1129","1129.000000000"
"8l0bm","1","13","13.000000000"
"8l0c2","1","25","25.000000000"
"8l0ca","1","408","408.000000000"
"8l0cx","1","29","29.000000000"
"8l0e4","1","103","103.000000000"
"8l0f6","1","26","26.000000000"
"8l0fs","1","1","1.000000000"
"8l0fv","1","2","2.000000000"
"8l0fx","1","2","2.000000000"
"8l0gr","1","34","34.000000000"
"8l0ho","1","10","10.000000000"
"8l0i4","1","2","2.000000000"
"8l0io","1","49","49.000000000"
"8l0iu","1","34","34.000000000"
"8l0iv","1","38","38.000000000"
"8l0j8","1","4","4.000000000"
"8l0jf","1","42","42.000000000"
"8l0k0","1","1","1.000000000"
"8l0k9","1","2","2.000000000"
"8l0l8","1","1","1.000000000"
"8l0lh","1","20","20.000000000"
"8l0lm","1","1","1.000000000"
"8l0lv","1","7","7.000000000"
"8l0m2","1","2","2.000000000"
"8l0m9","1","41","41.000000000"
"8l0mw","1","7","7.000000000"
"8l0n5","1","7","7.000000000"
"8l0ng","1","11","11.000000000"
"8l0nw","1","9","9.000000000"
"8l0p1","1","49","49.000000000"
"8l0p8","1","5","5.000000000"
"8l0q6","1","5430","5430.000000000"
"8l0r9","1","6","6.000000000"
"8l0rb","1","247","247.000000000"
"8l0rp","1","122","122.000000000"
"8l0rq","1","1532","1532.000000000"
"8l0rr","1","104","104.000000000"
"8l0sm","1","4203","4203.000000000"
"8l0sw","1","8","8.000000000"
"8l0t1","1","21","21.000000000"
"8l0t3","1","1","1.000000000"
"8l0t6","1","10","10.000000000"
"8l0td","1","1","1.000000000"
"8l0ty","1","3","3.000000000"
"8l0u5","1","4","4.000000000"
"8l0uu","1","40","40.000000000"
"8l0v8","1","1471","1471.000000000"
"8l0v9","1","10439","10439.000000000"
"8l0w0","1","1","1.000000000"
"8l0wx","1","227","227.000000000"
"8l0wz","1","5","5.000000000"
"8l0x3","1","509","509.000000000"
"8l0x4","1","3","3.000000000"
"8l0x9","1","5","5.000000000"
